PathFileType	4	(X/Y/Z)	Demo_SinglePerson_1-98_filt_butterworth.trc
DataRate	CameraRate	NumFrames	NumMarkers	Units	OrigDataRate	OrigDataStartFrame	OrigNumFrames
60	60	98	22	m	60	1	98
Frame#	Time	Hip			RHip			RKnee			RAnkle			RBigToe			RSmallToe			RHeel			LHip			LKnee			LAnkle			LBigToe			LSmallToe			LHeel			Neck			Head			Nose			RShoulder			RElbow			RWrist			LShoulder			LElbow			LWrist			
		X1	Y1	Z1	X2	Y2	Z2	X3	Y3	Z3	X4	Y4	Z4	X5	Y5	Z5	X6	Y6	Z6	X7	Y7	Z7	X8	Y8	Z8	X9	Y9	Z9	X10	Y10	Z10	X11	Y11	Z11	X12	Y12	Z12	X13	Y13	Z13	X14	Y14	Z14	X15	Y15	Z15	X16	Y16	Z16	X17	Y17	Z17	X18	Y18	Z18	X19	Y19	Z19	X20	Y20	Z20	X21	Y21	Z21	X22	Y22	Z22	
1	0.0166666666666666	0.017027764615109697	0.8967013188468733	-1.43775147225816	-0.0742931292307044	0.8846786108537682	-1.4316186838796408	-0.04025899543331332	0.48312442356606644	-1.4473193663841752	0.02691607381247559	0.15420327586810492	-1.591529783202696	0.03695049815119368	0.07311645896125239	-1.438168862754591	-0.007342101826826647	0.06579413438449541	-1.5394623794711355	0.04685475772504123	0.10698570870459766	-1.6302637313878379	0.1428857963049257	0.8676372560926978	-1.4218520742964438	0.061794486314777915	0.50830646813093	-1.2273209221000825	0.006579591172266053	0.15668258387049405	-1.1687541382824629	-0.0450872455347849	0.10832829837710445	-0.9845450378007544	0.008045874948155987	0.1052709043322023	-1.0035157685201828	0.003308312429173606	0.0956663699987694	-1.1920360930520542	-0.03997626063739616	1.474569675813486	-1.3842437872748106	-0.06470725291404464	1.6917551738121988	-1.263916262090289	-0.056179929340815254	1.5439981020189195	-1.215777116878947	-0.20306463760345717	1.3727336532742278	-1.459765118739117	-0.2889858702574043	1.1131193486727726	-1.513783086029994	-0.368096407453606	0.9093027275692377	-1.3544118490484929	0.15082043428524652	1.4033553598728048	-1.4282388620573294	0.27279589427976564	1.1592014372940214	-1.4623986936994624	0.35516015016066194	0.9265562287024038	-1.429572088898813
2	0.0333333333333333	0.013180676393111893	0.8968508688686552	-1.429426004941483	-0.07940714762603618	0.8891234574770804	-1.4215293904870046	-0.041465557991419745	0.48296375549938503	-1.4428314772567516	0.02737853806557941	0.15487238349384097	-1.5920532301948052	0.02355274191975324	0.06798450176850192	-1.434517242054608	-0.016356782094354348	0.06394233745094513	-1.533743925827046	0.04626411282824979	0.10940059627843947	-1.6308390609706724	0.1348130945140995	0.8701858055685106	-1.4119029712895794	0.04932470904718742	0.5176479507843751	-1.2070151460599898	0.003268567343826173	0.15369527057605054	-1.1659240954144736	-0.04535707706192149	0.10533729964511211	-0.9847896098814057	0.008459814792132132	0.10235310535184465	-1.0056229795700327	0.000394255283310253	0.0929979568437973	-1.1921056494266824	-0.03201732923985802	1.474327149749847	-1.3757341296919818	-0.05321736205952427	1.6933341775754203	-1.253990691788753	-0.050497074224767666	1.5429087364558143	-1.2050708646790536	-0.1975048948124981	1.3766251807366405	-1.4509102036563943	-0.29029373599023484	1.1211962297155023	-1.504064574382742	-0.3724673969996157	0.921537463025091	-1.3430714222461835	0.1534947150706628	1.4027370391412244	-1.4259628310519388	0.2768212148548183	1.1538727930284276	-1.449803212627424	0.3563607346718155	0.9206179676119863	-1.4171557333609879
3	0.05	0.009337723165477377	0.8971220134565497	-1.4206603172365755	-0.08414445082170192	0.8932174786688266	-1.4112270138101537	-0.04282693400343802	0.483065187680088	-1.4382432585243734	0.02756829204592781	0.15583175141144506	-1.5925909066535033	0.01180892540065044	0.0638124970135532	-1.4314202641303522	-0.02441707690663879	0.06244928454800374	-1.5286065110517364	0.045525877438918644	0.11194843236207083	-1.631226556316054	0.12607489802376798	0.8730264720348485	-1.4024560597360916	0.03813006497773204	0.5251691085360981	-1.1902295532174474	0.00017504985400283908	0.15127637699929175	-1.1632606959682226	-0.04551273648305321	0.10289212496596473	-0.9847412328647823	0.008746983469104713	0.09977412235616383	-1.0073146351373368	-0.0023219022632099237	0.09087677294804283	-1.191725721195075	-0.023924379457043527	1.474200101452014	-1.3672986062115178	-0.04138578711828145	1.6949445151781433	-1.2439412191346084	-0.044072602123056914	1.5420752266322217	-1.1946958861929449	-0.19185665800119894	1.3807390652246327	-1.441835167972939	-0.2915613693754282	1.1296259729061904	-1.494685749483793	-0.3768786838464817	0.9338963053173706	-1.331592135140454	0.15717780536027298	1.401498527213743	-1.4218547443664968	0.2806239934555594	1.1486387921121877	-1.437835055713392	0.3572108477283401	0.91511231930829	-1.4051196042815466
4	0.0666666666666666	0.005503445139685111	0.8977378969554781	-1.4108488877537047	-0.08828723837894117	0.8966948066588836	-1.4004062716175827	-0.04450760691645925	0.48360952311602545	-1.4333626245146909	0.02728534170920082	0.15722566382778436	-1.5930951876462822	0.003320829106536164	0.06115203147008304	-1.4301542253150847	-0.03072108505350631	0.06165684976716407	-1.5245611142299382	0.04454923401414154	0.11473202227045563	-1.631372139762837	0.11657461291854536	0.8765429430891768	-1.393719118141267	0.028977941838964294	0.5314791124029307	-1.1774895571931687	-0.0025427349491677085	0.14977027652356698	-1.1608599975852993	-0.04549803873962913	0.10121581593424087	-0.9843184618262699	0.008858972459057103	0.09764646416536486	-1.0084043457939025	-0.0046831006199068775	0.08970882152754843	-1.1908095538722516	-0.015564554537671136	1.4742241685765327	-1.3588653851220605	-0.028896764905710533	1.6963826839555916	-1.2337113154072659	-0.03639782328155832	1.54164384071432	-1.1846971512664657	-0.18599418055552278	1.3851884616212438	-1.4323782712211144	-0.2928772336712153	1.1384172332786084	-1.4860893602006426	-0.38138524856928013	0.9469107839606532	-1.3194783456241146	0.16233558984897511	1.3993747289505878	-1.415256354598092	0.28412041627501494	1.1435639326247131	-1.426758809479285	0.3576270098414392	0.910122686398532	-1.3935883984180255
5	0.0833333333333333	0.0017370878129311879	0.8989898744341428	-1.399188529890994	-0.09181429822083902	0.8995496681931581	-1.3887580455516182	-0.04665521495232997	0.48474367573814686	-1.4279696428603141	0.02651896544013438	0.15914076496317628	-1.5934345328882293	-0.0010865284187562886	0.06016161977014372	-1.4322237096400903	-0.03505236271157683	0.06186550559203459	-1.52176438388672	0.04337021615680253	0.11797347998649901	-1.6313640714981898	0.10660040726776969	0.8809565665597565	-1.3855070102733502	0.02236781555631591	0.5371212510177152	-1.1676511127710028	-0.004781648750968369	0.14922622884676098	-1.1587442965875983	-0.0453523814308684	0.1002451054905473	-0.9835755083048812	0.008783058761741768	0.09591131763515398	-1.0088105412336204	-0.006546120213636233	0.08962452098852383	-1.1895497016333434	-0.006897713392166382	1.4743637808231915	-1.3502493131404416	-0.015576731847360014	1.6974110278451702	-1.2233436521840677	-0.02733649427638851	1.541617538199902	-1.174958567327484	-0.17982411081413735	1.389906019164504	-1.4225240163664619	-0.2943110119318858	1.147517459125121	-1.4783653722138215	-0.38605414481638445	0.9614089484819996	-1.3058668632837622	0.1690044078151964	1.396372304569213	-1.4062193097726778	0.287347460023421	1.1387467278949963	-1.4165549113698226	0.35778425003627123	0.9054574041805792	-1.3824121530376343
6	0.1	-0.0018853545876770482	0.9011507622973792	-1.3846708244951607	-0.09488582708972228	0.902134138826673	-1.3760192939917486	-0.049440207489974776	0.4865604497914856	-1.4218392952792853	0.025443493590261497	0.1617484256943739	-1.593450297921563	-0.0018616245036048992	0.06077365942314523	-1.4383326964601764	-0.037842890901175374	0.06328260128423277	-1.5199621375224541	0.04216097768808713	0.12207912461000375	-1.6312957599135958	0.09649958144719557	0.8860029649825362	-1.3770493782059317	0.018512506300606576	0.5402356865477147	-1.1597907278298598	-0.006498377875807454	0.14950176751513009	-1.1569128458391946	-0.04516941288554883	0.09978782371913036	-0.9826042382057666	0.008483485821164176	0.0945516510708549	-1.0084824490721893	-0.0078012671755399885	0.0904549429162528	-1.1881707296269175	0.002049044924449899	1.4745194133417012	-1.3412415292261166	-0.0013925800949307668	1.69802223448557	-1.2127800861968976	-0.016934934924150886	1.5418851762341286	-1.1653625423880656	-0.17327322334832546	1.3947337693150912	-1.4123642311115487	-0.295741213053387	1.157329802714961	-1.4708364905951126	-0.3908634872029248	0.9782107607094287	-1.2897691545234709	0.17706744031413554	1.392530851557065	-1.3947083925187436	0.2904076302535179	1.1342597220270412	-1.4070030836218892	0.35788706261813363	0.9007896249267272	-1.37116837791974
7	0.1166666666666666	-0.005335023096347292	0.9043146239159109	-1.366464705113616	-0.09778016888547784	0.9048479290468381	-1.3621065047867473	-0.053066580223836465	0.4889515172109227	-1.4147360607909811	0.024198193400010688	0.16519914486178633	-1.5930122568728415	-0.0003661454461831432	0.06266973200472893	-1.4475891310320437	-0.03965478222658947	0.06580704300435196	-1.51871725051055	0.04111348369630736	0.12734819946813272	-1.6311552373047087	0.08663504544980952	0.891043678236682	-1.3675467158061576	0.016998393067981208	0.5385145975374958	-1.1531245800401206	-0.0077089995882862	0.15036996776095524	-1.1553163803596966	-0.045043750767171084	0.09956838170013524	-0.981576037953127	0.007944646519789732	0.093619773431494	-1.0075308124165727	-0.008415009975530576	0.09181335213191233	-1.1868446084487856	0.0112287446362937	1.4745204621685846	-1.3317145599935336	0.013541554375919028	1.6983424336008508	-1.2018232241833258	-0.005288656079479549	1.5422553421491445	-1.155774614106413	-0.16624928095596142	1.3995483238744546	-1.402049451927797	-0.29697628924875213	1.168412095617984	-1.4625278432604472	-0.39555919018841135	0.9977487545016326	-1.2706105628218467	0.18609168991890626	1.3879807431665732	-1.3811900925446186	0.29346629093124094	1.129971859018696	-1.3976392345442121	0.35800738914908375	0.8957102782270077	-1.3593637939528
8	0.1333333333333333	-0.008678689567082077	0.9082266663392624	-1.3446968554771968	-0.10076331922628935	0.9078113601528798	-1.3472361272439222	-0.05774162745802178	0.4916028615246582	-1.4064144445977327	0.022643069478043457	0.1694948588610763	-1.5919361095942486	0.0014733245954525716	0.06533189957958978	-1.4571241632672636	-0.04088185669609091	0.06897500935436336	-1.5175896606238275	0.0402383999821339	0.13377081164852364	-1.6308054167926405	0.07736357188803628	0.8954820626746159	-1.356355950234429	0.016730476943555297	0.5321376877892268	-1.146745392151655	-0.008496225039668619	0.1515619981809861	-1.1538118425568884	-0.04508329490554836	0.09926433878732906	-0.9807430952367138	0.0071927005698985665	0.0930814311415708	-1.0062279261827785	-0.008442289901552883	0.09325890592809251	-1.185675151954954	0.020645533932867204	1.474143219368346	-1.3216483935903558	0.029060632173066227	1.6984191083786133	-1.1903805269713255	0.007388635187970979	1.5424785653690378	-1.145876865227892	-0.15861828116032414	1.4042997869971807	-1.3917284418888698	-0.29799486542916087	1.18090053972894	-1.4527942905868536	-0.3997424162400741	1.020044350504766	-1.2486464275775657	0.19534950509171425	1.382925713182444	-1.3669432599070246	0.2967595535893227	1.125489574390477	-1.3878707495979934	0.358124247330428	0.8897938730593914	-1.3466876749854317
9	0.15	-0.012127156237614584	0.9123314815032474	-1.3210363975085915	-0.10395560851479088	0.9109661886405014	-1.331924454162471	-0.06366535709981873	0.4942014685790029	-1.3966612338771183	0.020402021819115046	0.17456404635925027	-1.5899467384724384	0.001491484724681772	0.068299686876195	-1.4632896108893525	-0.04196482462262763	0.07237041321776434	-1.516257368575377	0.039262890648997184	0.14115914154124032	-1.6300192928080994	0.06917861345775099	0.8989930093014211	-1.3421262957417173	0.016323588724252235	0.5238884330980145	-1.1400019944288133	-0.009020007134496275	0.1528366659546193	-1.1522887840314078	-0.04538344138909606	0.0986186125317484	-0.9803348418861517	0.006242644877394476	0.09275731406943641	-1.0048937399774707	-0.008014461865374507	0.0945255827722448	-1.184734036245813	0.030394474448616034	1.4731919173001153	-1.3111138938224247	0.04506005164075579	1.6981862450330165	-1.1786645767209	0.020793672357074494	1.5423282358057298	-1.1352758350224257	-0.15025763753547983	1.408975139054268	-1.381495937488693	-0.29898890946381257	1.1944818571105662	-1.4415659221510906	-0.4033099384157149	1.0450211889605905	-1.2248492943976748	0.20425433426323544	1.3774477408045502	-1.3530517799517041	0.300465735067826	1.1203838800498764	-1.3773112673619894	0.35822243319077807	0.8826996171934308	-1.333059221706416
10	0.1666666666666666	-0.015981194329309684	0.9160822295099649	-1.2982327843893733	-0.10732685301055545	0.9143135729372197	-1.3169678118706454	-0.07111032604048773	0.4966074004421887	-1.3852177414246256	0.01706290101845554	0.1803851603008119	-1.5867683076914154	-0.0019573018359458037	0.07127403043701379	-1.464014855475181	-0.04351839781429964	0.07594398402638454	-1.5145883636042194	0.03769383898718053	0.1493710911984353	-1.6285324190179409	0.06267336259666212	0.9015398931119858	-1.3230884867188428	0.014700556874942181	0.5168183034573084	-1.1328286611720733	-0.009461762034606195	0.1540563129865079	-1.1508743925919929	-0.0459301714011825	0.09750265776017537	-0.9804578477556801	0.005104084233575913	0.0924141909260308	-1.0038754121710662	-0.007270970592575967	0.09562796354138012	-1.1841901710321818	0.04059548166398334	1.4715947856883023	-1.300231251510697	0.06147320595163123	1.6975386681758926	-1.1670042766974122	0.03474403292255825	1.541722596824275	-1.12393751042503	-0.14114620677529766	1.4135620048640196	-1.3713889609198502	-0.3002242210656976	1.2086930919301773	-1.4293337455298245	-0.40678711547182256	1.0726951560984008	-1.200406230877013	0.21259698948677347	1.3715485892239816	-1.3397296003411718	0.304563313295354	1.1144366426675245	-1.365902785370695	0.3583123552090388	0.8741479605992509	-1.3184914719053025
11	0.1833333333333333	-0.020427676256130237	0.9191475747209472	-1.2788232207235954	-0.11083091022441811	0.9178435312430621	-1.3033357389773739	-0.08049536844984015	0.4987897270514521	-1.3716211719291305	0.012242297297050979	0.18697822714570564	-1.5821448189746672	-0.009010024961995723	0.07408546183213009	-1.4598421295692252	-0.04597644850712625	0.07976115113045676	-1.5125476748604463	0.03494136206401828	0.15837692267177342	-1.6260713164680571	0.057912723089206045	0.9032801712073423	-1.2993900178376787	0.011254020412055366	0.5124981843352004	-1.125507611863374	-0.009933708862188143	0.1551601187891539	-1.1498487993430702	-0.04657172420603691	0.09582256591129436	-0.9811070537404517	0.00391314216333171	0.09176433169461674	-1.0035911695905022	-0.00627187370661094	0.09663567221526492	-1.1843310098647282	0.05123728392950439	1.4694324575703759	-1.2891250274571642	0.0781765305211967	1.696405120360868	-1.1553569888929023	0.049115356446450015	1.5406540968305351	-1.112259810340484	-0.13139156181890133	1.4180128835438346	-1.3614290773813593	-0.30182774973867355	1.223132406374329	-1.4168497876183337	-0.41089216687442226	1.1028442556255325	-1.1763297950276579	0.22049586799976226	1.3653158536421912	-1.3266907887690307	0.3088916731796207	1.10760452500208	-1.3537058194281184	0.3584047895623733	0.8639310905463098	-1.3030419020892308
12	0.2	-0.02543912606404816	0.9213293971088362	-1.2642460335305432	-0.11449965185670843	0.9213148374646885	-1.2918330566547516	-0.09227935673018195	0.50072028621285	-1.3553659895371897	0.005620830924211996	0.1943525100583601	-1.5757739306471887	-0.01801703113577193	0.07691310318622886	-1.4528232927348792	-0.04940259692424476	0.08381742735400657	-1.5098719195984103	0.030492370156982904	0.16816435830366053	-1.6222909988797751	0.054017562622266986	0.9043042056813084	-1.274480025115808	0.005516424878862388	0.5111276569299332	-1.117943065841366	-0.010452457916873027	0.1560736404708143	-1.1493092538108962	-0.0471427030880771	0.09348439641949928	-0.9821878644378154	0.003028522185004387	0.09041673129706147	-1.004517988159285	-0.005013019539507078	0.09733240446434054	-1.1854905412441148	0.062108736139217254	1.4668469464303573	-1.2779205275745855	0.09495766866373798	1.6947447333836472	-1.143232784060272	0.06357604606998081	1.5389527798440539	-1.1007109045526833	-0.12121674350233849	1.4222189785821948	-1.3516439446683808	-0.303613756313963	1.2375154891109632	-1.4048045771217654	-0.41577585319916177	1.1346722389962887	-1.1534257053482777	0.22824424587440506	1.3588631537890694	-1.3136793323837168	0.31329527956893455	1.0998459790818829	-1.3406717412901854	0.3584956719580637	0.852110299356784	-1.286903060070109
13	0.2166666666666666	-0.03087770114261163	0.9224667398478875	-1.2548419865142106	-0.11837796691993929	0.9243481181149842	-1.282809634279665	-0.10674802981630811	0.502478050116468	-1.3363300370407547	-0.0029032283735678636	0.2025252251731457	-1.5673032752499854	-0.027033209615550887	0.08054221481941859	-1.444535954551315	-0.05405863952260243	0.08835350717069984	-1.505648168250414	0.02416191121690335	0.17866263514832628	-1.616715245930142	0.049705190822151434	0.9044288513729579	-1.2531368050932967	-0.0029430856164162165	0.512178052812279	-1.1091493075235141	-0.011004379786655447	0.15674703462180434	-1.1490747564700448	-0.0476127133975726	0.09066643353433335	-0.9832829195411257	0.00292458178175976	0.08816758374882808	-1.0070476616118476	-0.00357427976966762	0.09718439647974325	-1.1880199165020155	0.07293323220309299	1.4638756456695485	-1.2667692472058287	0.11152447436818647	1.692479411747707	-1.1303384083862915	0.07759267949667611	1.5363398535761041	-1.089735938443594	-0.11093775383294827	1.42605051801895	-1.342024142343296	-0.3050863437706215	1.2516514034395076	-1.3937010575171926	-0.4207785393650643	1.1669904243591191	-1.1324710323825509	0.23604159072806274	1.3521787325769856	-1.3006421951243243	0.31768255945612184	1.091100525915457	-1.3266638248535272	0.35855374442942356	0.8391628823932679	-1.2704686139389407
14	0.2333333333333333	-0.03659129168042519	0.9224539460421647	-1.2502680078499901	-0.12243672866160077	0.9267322722409784	-1.2761221204907642	-0.12397588192238229	0.5043718116926368	-1.3149025099832576	-0.01327527558091149	0.21148804443967525	-1.5562934172089546	-0.035772819868986304	0.08616463979330466	-1.434905100301844	-0.06094836746309799	0.09402379529372308	-1.498349109068886	0.01605618459250066	0.1896902325945728	-1.6086912609215036	0.044304877678585326	0.9033145607945882	-1.2381362654948125	-0.013881322619202737	0.5146500252813303	-1.0978945644894416	-0.011581552802599942	0.15727546368271403	-1.1488972539232145	-0.04809766080767064	0.08797230529934329	-0.9835338374425961	0.0039189862402694235	0.08536729896421653	-1.0111534161792803	-0.0021887680846699397	0.09572172637453717	-1.1921009373016904	0.08355114843124693	1.4604152069220102	-1.2557846888890085	0.12748888539464126	1.689419475495155	-1.1170881249172366	0.09069758194591841	1.5327565823158311	-1.0798109050777058	-0.10081919082748193	1.4294014873375493	-1.3325325228662162	-0.3056458669008394	1.2654007013682402	-1.3838238182958127	-0.4247425610585049	1.1986982766486778	-1.1142534442534116	0.2438758158787434	1.3451151387536673	-1.2876170129450002	0.32201359462322726	1.0813610690144388	-1.3116732067582013	0.35850488998780744	0.8258619079125433	-1.2542283449001546
15	0.25	-0.042415241935501696	0.9212553189181402	-1.2497226687610925	-0.1266289797868031	0.92848428651416	-1.2711675601020607	-0.14395810668017336	0.506820583562403	-1.2917218311423706	-0.025718826540173195	0.22099557605342118	-1.542086929314856	-0.04568765581102625	0.09476449628306424	-1.4227130170673825	-0.0715161608029265	0.10145718458446769	-1.4865789785785266	0.006046525839288599	0.20074943710430043	-1.5972276011271456	0.038254908160972045	0.900767002515179	-1.229112738975938	-0.02567152026915389	0.5171919281927647	-1.0844929378019792	-0.012139228737913383	0.15781353548622842	-1.148646956883005	-0.04874500701887016	0.0860380593689437	-0.9822595788528758	0.00589373659832665	0.08273457125889608	-1.0160253157147823	-0.001066998905407921	0.09313122910295224	-1.1973474366650205	0.093954721105675	1.456374598788876	-1.2449151744216358	0.14243506692377425	1.685280052141669	-1.1041340979889622	0.10270295342672733	1.5284508123275147	-1.0711524712579579	-0.09087365054034355	1.4321628143623142	-1.3232150256706692	-0.3048323437120176	1.278683435391402	-1.3753107628122616	-0.42653110064669025	1.2292143479747655	-1.0995151752348251	0.2516849436794582	1.3375003930550662	-1.274539726641231	0.326228914126928	1.0706724507562957	-1.2958692114676837	0.35821567308264163	0.812938846200854	-1.2384361436743612
16	0.2666666666666666	-0.048120085971858996	0.9190153071114838	-1.2516949756606417	-0.1309563866584476	0.9297406156931188	-1.2669923644380232	-0.1665893070439822	0.5102513145856542	-1.2673393041213663	-0.0409233420509119	0.23039494378136488	-1.5239688768340187	-0.05876871288572402	0.10640895590754433	-1.4067399018934372	-0.08700101365776416	0.11059503680791201	-1.4697574949301477	-0.006609090267022103	0.2108689786171087	-1.5811102014664367	0.03270435553302154	0.8969952758309893	-1.223823836983534	-0.035997333240125606	0.5185466792999927	-1.0715885734081316	-0.012615935171121343	0.15838208110834492	-1.1483280382976284	-0.04957355938186507	0.08509938426172721	-0.9797190858213375	0.008372531718249901	0.0808504804331966	-1.0202692496279075	-0.0001960921961825335	0.09052544353986508	-1.202676715524731	0.10416540132414649	1.4517768454360285	-1.2340136442005338	0.15614542151047137	1.6799561424512948	-1.0914226946916958	0.1136632551457462	1.5237421786610914	-1.063382950595815	-0.08091964472475702	1.4342261057863899	-1.314243837829553	-0.30244415561241383	1.2915134593581095	-1.3682302112733382	-0.42545707960327295	1.2585242959642025	-1.0889340794943607	0.25943748684022494	1.329295844071133	-1.2612420013463612	0.33016180009842416	1.0591778113379724	-1.2794308185528878	0.35749876099708866	0.8008101942234181	-1.2228947528335277
17	0.2833333333333333	-0.05333518179677474	0.9162735029844407	-1.253949920377941	-0.1353672703274539	0.9307934616975465	-1.2626233605046038	-0.19140075620438107	0.5152574198210157	-1.241989964881311	-0.05959461466481215	0.23877114904797736	-1.5017769452122178	-0.0767229282570755	0.11980515997752911	-1.386240472061363	-0.1080461155772759	0.12045254005999757	-1.44810499155306	-0.022974587940666532	0.21892353037624163	-1.5597133699939218	0.02854690165195979	0.8926919793223592	-1.2197863883589195	-0.04352891847328496	0.518120356304829	-1.061951416036756	-0.01300678594040068	0.15884053815167598	-1.1480324824410408	-0.05032368028251226	0.08499610789049702	-0.9770023946004861	0.011044848920438324	0.07988155448185459	-1.022893402649024	0.0006109480053489827	0.08927076225544087	-1.2068567430701347	0.11414548422431472	1.4467085696838584	-1.2230415588667742	0.1687651192522136	1.6737769252836796	-1.0781990937300843	0.12373131943664807	1.5186936831123734	-1.0555108883986268	-0.07087053014403938	1.435566432511512	-1.305837459515861	-0.2985710708602897	1.303921288237766	-1.362521063516837	-0.42143829725896503	1.2867813674662143	-1.0828900123300433	0.26703077583069973	1.320680137058667	-1.247674742869776	0.33355272417829573	1.0472126387656058	-1.262496264772615	0.35618152718993906	0.7895699553862496	-1.2071858912625537
18	0.3	-0.05764526097035121	0.9138445709529041	-1.2544948252807662	-0.1396823425738785	0.9320672815956704	-1.2574424830367048	-0.21741112336807983	0.52255515129718	-1.2156908667576147	-0.08189794311025866	0.24528491442274228	-1.4763139936103233	-0.10057800174142197	0.13263361966676793	-1.3609693031600947	-0.13456098188186918	0.12963739408518574	-1.4223417165011334	-0.043778857820622456	0.22418518921879516	-1.5337937136812454	0.025773487125149885	0.8887491509448331	-1.2153191529537033	-0.048443809553046197	0.5161501116019025	-1.0558833799528438	-0.013361270832602062	0.15894331634914613	-1.1480167565025745	-0.050391476674650874	0.08543945947815028	-0.9752220208973946	0.013867860006719208	0.07963369034026217	-1.0239949121452965	0.0014864355121487834	0.08993772706862417	-1.2092139215177897	0.12385296874100368	1.4412820464777205	-1.2121011622891555	0.18062884238983887	1.6672164889551404	-1.064237999978808	0.13307825175410737	1.5130540684696108	-1.0463747623270467	-0.0608523156489249	1.436271524911256	-1.2981557642947323	-0.29355328559093063	1.3158267554265974	-1.3579212557426814	-0.41489789936166294	1.31395286312453	-1.0812306630447097	0.2742581934024436	1.3119441086792494	-1.2340495888132852	0.33617726036392526	1.03521999194833	-1.2452583981579484	0.3542037858531601	0.7791301822289438	-1.1910609095963285
19	0.3166666666666666	-0.06091956704176412	0.9123116817667537	-1.2525510605814958	-0.14371317629579955	0.9338393543836866	-1.2513325557966861	-0.24339877420620382	0.5323949759882168	-1.18888849267441	-0.10740200593784677	0.24941775272292357	-1.4489974717039111	-0.13029563152495233	0.14277689568872987	-1.3312816609300666	-0.16578348756153907	0.13720688868233968	-1.3936659493005759	-0.06902494685266249	0.22646878767137682	-1.5052089327359732	0.02379198906475482	0.885753105565106	-1.2098268235575802	-0.0515922169605552	0.5134754469814173	-1.0517031891888975	-0.013730780391405926	0.15841094501754985	-1.1487026660441488	-0.049103948650355	0.0862501432439893	-0.9748203745872198	0.016623478819153423	0.07979399292476884	-1.0243093839726773	0.002305034076487994	0.09207424424209394	-1.209713849137154	0.1332881324992891	1.4356907037905184	-1.2013850686885568	0.19194651509367516	1.660406810241343	-1.05062610401284	0.14178533295083856	1.5067632250747436	-1.035468377968199	-0.05101312782182439	1.4364821982017697	-1.29121502210842	-0.2878323646763929	1.327070297425546	-1.3539868786052136	-0.40658076500250667	1.3398340094775676	-1.0832057829194546	0.2808806280176206	1.3033465308768806	-1.2207558968196714	0.3379636254509558	1.0236123332487779	-1.22805547975219	0.35165326183184603	0.7694108930926324	-1.1746472835566526
20	0.3333333333333333	-0.06342928299952132	0.9117502570753722	-1.2483580715027878	-0.14735485836242002	0.9360562792219457	-1.2445572726693799	-0.2683523273718452	0.5440531936021122	-1.1630718348602531	-0.135525160643225	0.25110296991839964	-1.4211267837677117	-0.16480771645303857	0.14937245608480046	-1.2981994761503224	-0.20064253460755724	0.14298524510631253	-1.3637066052033155	-0.09817362549032167	0.22593041615860782	-1.4758278890482202	0.022091328693100702	0.8837427667610251	-1.2034119654773598	-0.053720105667344725	0.5109678628715145	-1.0476993872862885	-0.014150398241626554	0.1571158875267533	-1.1502920126362417	-0.04645549011223293	0.08730641166639123	-0.9754906763810931	0.018967877131238303	0.08011433423526973	-1.0244594167388106	0.002644572073214089	0.09478578657842657	-1.2086224358503173	0.14243385624875587	1.4301968689545808	-1.1911508543002431	0.20280201408499451	1.6532474026338684	-1.0387447769651013	0.1497897129060553	1.5003016443840655	-1.0233016210875698	-0.041342605395074436	1.4363263107147346	-1.2848415688102037	-0.2818298086803262	1.3375396402143271	-1.3501718651190564	-0.3973849381477003	1.364111311762702	-1.087250810484113	0.2867249206842684	1.2950851223251512	-1.208207764866169	0.3390189759775871	1.0127597307705156	-1.2114141183780345	0.3487053117119819	0.7604710338034921	-1.1583503475010721
21	0.35	-0.0655283159377443	0.9119043154726992	-1.2424176683488148	-0.15052819949324284	0.938480424833463	-1.2374526110760735	-0.29167156599809185	0.5561848867448974	-1.1401179240000396	-0.1659417074960408	0.2507694041530086	-1.393501136063806	-0.20296604365049195	0.1526003793054803	-1.26325163302277	-0.23835731124350315	0.14726994582904604	-1.333730369672617	-0.13049374425807908	0.22301596578306696	-1.446839948276048	0.02046785357269393	0.8824011393522158	-1.1965800362176384	-0.05523237592454126	0.5089297470176026	-1.0430391952297218	-0.014643362237314644	0.15527161760008454	-1.152387312058196	-0.04346159363196022	0.08833154505195824	-0.9766948669828198	0.02071339634277997	0.08042736508499866	-1.024708494369623	0.002081133822420459	0.09735143819483155	-1.2063429701091366	0.15117625128452877	1.424946204514603	-1.1815796062688615	0.21338633666615509	1.6459375166321253	-1.0286216455040793	0.15705388807704612	1.4942625740711408	-1.0108453183397175	-0.03183935489498719	1.4358630921115023	-1.2786807095654886	-0.2759130072760345	1.3471967969454794	-1.3459889185062124	-0.38814895731438437	1.3863381859190673	-1.0912903866278523	0.2918055964332829	1.287274548902354	-1.196725364752423	0.3395755984867976	1.0029347329363199	-1.195922984960142	0.34553246497780665	0.7523933164274629	-1.1425027350947097
22	0.3666666666666666	-0.06739608110051269	0.9124624777843927	-1.2351744301036163	-0.15316148129052806	0.9409168187275126	-1.2301662753219151	-0.3131279542894248	0.5677304430829605	-1.1208494468201058	-0.19852689275352817	0.24916491903397245	-1.3665274181286502	-0.24420807060342978	0.15312099743874794	-1.2280784526113269	-0.2785385020729197	0.1506319144960489	-1.3039115560768433	-0.16519112467539326	0.21853751817659423	-1.4187745170902502	0.018907288936622916	0.8814299088731795	-1.1900700994357867	-0.05626573869195683	0.5071202954324375	-1.0377001692705745	-0.015185003845750297	0.15336735421991016	-1.154217435090883	-0.041385539563987904	0.08895206488475318	-0.9781670589309457	0.021722340410324652	0.08058820231019893	-1.0250482719766953	0.0006728399357457486	0.09944546214919824	-1.2034920167731011	0.15935744865292206	1.4198651425477966	-1.1726718072975082	0.22403058784477875	1.6390308495375168	-1.0189307036910686	0.16380762291928896	1.4888761291611297	-0.9988788893197018	-0.022739531939143576	1.4350647090493553	-1.2723204380678546	-0.2703382858549364	1.3560385742516934	-1.3411821834640738	-0.37940590591831197	1.4061063350497434	-1.0938774152277295	0.2963573709887812	1.2798990555282446	-1.18644432240215	0.33989771309686356	0.994240119576259	-1.1820104448107445	0.34229342783853856	0.7451517896393909	-1.1272179969839684
23	0.3833333333333333	-0.06918257049249	0.9131868815331552	-1.2270221719124188	-0.1553008938037654	0.9432825102692154	-1.2226213613630166	-0.33279121468936645	0.5783414548745829	-1.1047193504662765	-0.23311762948999984	0.24703386419201495	-1.3403872101127439	-0.28793829563896606	0.15209577861312204	-1.194054299165183	-0.32053343550311036	0.15377640966536243	-1.2740346250698813	-0.20160579351144128	0.21345441262088788	-1.391631200909737	0.017413881034932605	0.8807173114224643	-1.1840223825131528	-0.05687386903283569	0.5052473923616517	-1.0319159631149004	-0.015684427500778916	0.15184701989932675	-1.1552804626637434	-0.04071046775022837	0.08894703919570203	-0.9799061051198581	0.02191662263488925	0.08040774220845553	-1.0253072453345449	-0.0009885829806169817	0.10099645525931109	-1.2008802735135136	0.1669291969852213	1.4148094410868421	-1.1643337368652493	0.23495951087012965	1.632849393916221	-1.0085808478209182	0.17062514032030973	1.4838927811674285	-0.9878416142991282	-0.014375942012107179	1.4338892318880747	-1.2655075402486649	-0.265161716193814	1.3640903495621197	-1.3357427526527372	-0.37129215801849574	1.4233612512184508	-1.0946934276353877	0.3006776992316128	1.2728442036491379	-1.1772829282769717	0.34017878808537816	0.9866577153490454	-1.169835167865573	0.33916816030705227	0.7386504824158102	-1.1125996603710977
24	0.4	-0.07115441174903608	0.913904366139259	-1.218223348785199	-0.15717539597623287	0.945524119738207	-1.2145501703413861	-0.3509100749254852	0.5881017817251609	-1.090657574410675	-0.26940396347962836	0.2449823295253654	-1.3150925710700287	-0.33291433188192665	0.1508941785738699	-1.1622983864357803	-0.363129726260104	0.15717264170892195	-1.244547513602271	-0.23940153867695618	0.2085126231800712	-1.3650851762600178	0.015877409654308408	0.8801373094673564	-1.177619080674911	-0.05716945952930437	0.5032482441496381	-1.0256926712389796	-0.016059220941540144	0.15085053043176924	-1.1556291668499834	-0.04095243264152773	0.08833815966247534	-0.9818752950874977	0.02146464262214354	0.07968722455252165	-1.025201594642531	-0.0023011522004418154	0.10201232847432759	-1.1991313401004497	0.17394005843429802	1.409687904127815	-1.1564363344351667	0.2461098268811231	1.6271159842476273	-0.9976210183760155	0.1782358673585794	1.4785533636564645	-0.9779770389461115	-0.006961552842929985	1.4323779090607929	-1.2582075560450106	-0.2602275477362246	1.3714043584620161	-1.3297984761616286	-0.36370508717342476	1.4385335399752164	-1.093944153474946	0.3049214361494612	1.2659628036460704	-1.169030585336947	0.34048339060144783	0.9800481258301009	-1.159286240470815	0.33630817042104716	0.7326676298017732	-1.0988368880734283
25	0.4166666666666667	-0.07352130016938617	0.9144669938168644	-1.2088759027028964	-0.15910314044190427	0.9475328953471371	-1.2055940584751352	-0.367729738067474	0.5971751216747612	-1.0778208850968776	-0.3068695441825214	0.24359752846062752	-1.2906760070874317	-0.37756053026666425	0.15052308362946995	-1.1336780760827774	-0.40512237466267187	0.1609179029521492	-1.2163581685621938	-0.2783011742153694	0.20432989061799808	-1.3390100531128344	0.014055376903421445	0.8794057526343435	-1.1701836997435735	-0.05734350530593267	0.501210671985669	-1.0188243682127218	-0.01630230877346083	0.15025297922045602	-1.155569002889254	-0.04120062766551025	0.08730763162146053	-0.9838659443880052	0.020720352856155092	0.07844955417200246	-1.024617751301392	-0.0031090649126791665	0.10255132239327412	-1.1983172537518199	0.1803679410578587	1.4044099758642654	-1.1488154369380066	0.25724393656863476	1.6213317731321364	-0.9866540191101406	0.18720965715905827	1.4718588073057568	-0.9696043626534622	-0.0005569620797919819	1.4306325612133723	-1.2504624931557453	-0.25533008180519523	1.3780263141485645	-1.32349849062707	-0.35648697976971566	1.4523445589622372	-1.091867942307747	0.30905048782697553	1.259090890694008	-1.1615059196435806	0.34079302018311297	0.9740775109173848	-1.150071590919119	0.33374352062757884	0.7268068501299368	-1.0860663085589468
26	0.4333333333333333	-0.07627516280264837	0.914773187014645	-1.1990805017858066	-0.161335889495932	0.9492197112203092	-1.1956026558352895	-0.38335548706038775	0.605695818140905	-1.0658431531397514	-0.3448306038336777	0.2435058391813614	-1.2673576473514196	-0.42051159777282526	0.15170920296108692	-1.1084550730054241	-0.44583460572667083	0.1650893427185209	-1.1900710072447724	-0.31782188578176734	0.2016773928267441	-1.3137484139591713	0.011708652249895968	0.8782976657050525	-1.1618712051806936	-0.05761921240832431	0.4992194469646444	-1.0111355815582856	-0.016469328422388536	0.14987191138085823	-1.155309003723875	-0.04073070540558883	0.0860945511071403	-0.9856617631410942	0.020005289461378903	0.07704961019688086	-1.0239805174389196	-0.0036818860275175005	0.10273902014758293	-1.1981099223115808	0.18612247190730694	1.3988669325719731	-1.1413516656642793	0.26810614317216663	1.6152252045130624	-0.9762964052403404	0.1976912529963211	1.4632166400774982	-0.9632141528667528	0.004988767557413679	1.4287131038821823	-1.2423440395892345	-0.25038410122989113	1.3839644509842088	-1.3169044396679448	-0.3494607637241179	1.4654420994504174	-1.088744735514293	0.31295628584144086	1.2520942358075375	-1.1546282056892136	0.34108642299930636	0.9682909238303361	-1.1418317013226649	0.331377448898992	0.7206766918106216	-1.074268039679722
27	0.45	-0.07930846382181403	0.914828358595097	-1.1890721987350694	-0.16397758989835198	0.9506516249879579	-1.1848698880569868	-0.3977103463151112	0.6137495396260542	-1.0546921284630166	-0.38260432474077455	0.24518053819581326	-1.2453681076225762	-0.46086794439591683	0.15519166922278563	-1.086070423818835	-0.48499691985629334	0.17018308438877489	-1.1657332453067109	-0.35747406981441876	0.20129512707705893	-1.2896960387123042	0.0087555908442348	0.8767764484703672	-1.15314741281186	-0.0582459547541309	0.4973739163928041	-1.0026634205074798	-0.016640654130571832	0.14962281291771065	-1.1548781712507252	-0.03934606666841027	0.08489379785244074	-0.9871346954824005	0.01948963399597214	0.075887299856307	-1.0238944328269346	-0.004383408600346738	0.10273687104089894	-1.1981721134231933	0.19126511396672416	1.3930538844820866	-1.1340384058396928	0.2784360801062897	1.6087246116634237	-0.9673590363723444	0.2091218063704403	1.4531059200584462	-0.9588295817305452	0.010072919024917271	1.4266511024829982	-1.234066249026913	-0.24533350904343457	1.389191479828644	-1.309951318094344	-0.3424656677809773	1.4781700649010672	-1.084835528923279	0.3165850587233437	1.2449952504240585	-1.148382450916528	0.34136715309139687	0.9623525651666431	-1.134211122815368	0.3291219292930475	0.7140779646034783	-1.063296975988494
28	0.4666666666666667	-0.08257119398530635	0.9147454559827785	-1.1791901801282545	-0.16701045251213917	0.9520037783680396	-1.173984779329007	-0.41060999113604035	0.6213811277584342	-1.044398303467032	-0.419570252313878	0.2487116933571182	-1.2246941140289307	-0.49819419503124923	0.1616169368905209	-1.0653242439190436	-0.5223838301164953	0.17705171783047702	-1.1429272010990126	-0.39689389914443723	0.20346058942695666	-1.2668729691277585	0.005274550977332239	0.874856767004921	-1.1443776339029013	-0.05944263637426164	0.4958117785680842	-0.9938264281940765	-0.01688779103535659	0.1495542192291073	-1.154174732908027	-0.03740965569121047	0.0837972204118018	-0.98812660682409	0.019198554489965807	0.0751481843972853	-1.0243977261121806	-0.0053557470960067756	0.10269892422348345	-1.1983384859495243	0.19609705387357235	1.3871468060612722	-1.1269286793577895	0.2880613753020764	1.6019268756609302	-0.9605645749212154	0.2202673812801879	1.4431061192253372	-0.9553340091082551	0.015113420600249545	1.424541030551699	-1.2259203684825408	-0.24004971193714716	1.3936997925564156	-1.3025026576938745	-0.3354798321401837	1.4906092661479065	-1.0802329879641988	0.3199234549491753	1.2379936517169954	-1.1427746233265612	0.3416627819706727	0.956187982884314	-1.126941116349662	0.3270571553992179	0.7070726261857342	-1.0530251135604662
29	0.4833333333333333	-0.08605779809199991	0.9146678122350985	-1.1698008817951477	-0.1703658713110387	0.9533759514692652	-1.163452680197129	-0.4219784667099446	0.6286753950128561	-1.034927900792746	-0.4551183667773088	0.2538621583588152	-1.2050594417230558	-0.5324152939068921	0.1711581683237573	-1.0449935108532635	-0.5577472792118919	0.18624711474713132	-1.1209986238830039	-0.4356186487474834	0.20790359027984356	-1.2450383699726086	0.0013906669838509118	0.8726095512539269	-1.1358796708092298	-0.06117910990800948	0.4944474695943226	-0.9855805084396362	-0.01725513532274716	0.14978472601742762	-1.1531087194686396	-0.03554147843603636	0.08290471001427549	-0.9884927113110391	0.019058217344847427	0.07491914384596957	-1.0249890971433144	-0.006491398910914687	0.1027728297102281	-1.198605529881529	0.20092298323654237	1.3813569135939767	-1.1200156519556337	0.2970471155563077	1.5951252137457155	-0.9559146861772425	0.22990976676944122	1.4348966323720886	-0.951221494738353	0.020248257373184524	1.4224842545479326	-1.2179449418618657	-0.23450386565394982	1.3976064108004371	-1.2944195524106064	-0.32867311255900244	1.5027343705549685	-1.0749810495438734	0.322941809911419	1.2312401958108166	-1.1377646450370802	0.34201096626379845	0.9498292464068199	-1.1198860494484948	0.32537393119620156	0.6998988316337944	-1.043464676488884
30	0.5	-0.08971664879697343	0.9146996067000853	-1.1611918057818187	-0.17397665341849064	0.9547073697879149	-1.153517577058946	-0.4320465898056901	0.6357596985331477	-1.026159740894312	-0.48869202648741283	0.2603915240158424	-1.186094080605906	-0.563752949925181	0.18332117625390126	-1.024565413037939	-0.5909740164974071	0.1976184407012852	-1.0994252291409916	-0.47291906009360063	0.21414189126713876	-1.2239978548163588	-0.0027793038241750267	0.8702203322096852	-1.1279238886969059	-0.06303126478077906	0.49281590310920637	-0.9791371189906001	-0.017762140195211603	0.15040385013771518	-1.151781535291611	-0.03420831814060428	0.08242725270648726	-0.9882790242757001	0.01892655299271162	0.07530287939272862	-1.025230563800557	-0.007643284644654468	0.10312978292290137	-1.1990635036848813	0.2058257870592723	1.3757390014577995	-1.1132331828142938	0.30562908530629523	1.588446403824575	-0.952971972759227	0.23755056436023825	1.429258901047541	-0.9459478834793031	0.02536694862280588	1.4204620996360406	-1.209903931377962	-0.2288638886234849	1.4012036560388033	-1.2856639894917186	-0.3222102964232147	1.5144772142518927	-1.0692664635079778	0.3256356825156315	1.22460726615925	-1.1332134469294197	0.3424694819804377	0.9432085708409682	-1.1130573940750237	0.32418759323332913	0.6927587028312447	-1.034747047326164
31	0.5166666666666667	-0.09341632291720396	0.9148899188831858	-1.153419327856678	-0.17776221033869288	0.955864939859933	-1.1442712707707938	-0.4412810671388048	0.6426875190994901	-1.017842556490604	-0.5199085394682674	0.2682457339246666	-1.1675989849137058	-0.5926371313188245	0.19724047706677705	-1.0043533107463969	-0.6220484761047895	0.21061586450814748	-1.0780700168702546	-0.5079403079525948	0.22186030361170844	-1.2037633077958658	-0.0070931674695109415	0.8678108393836762	-1.1205639032115535	-0.06440302213875644	0.4905775080372884	-0.9749677760177277	-0.01840298714607402	0.15137302315279205	-1.1504483180455534	-0.03354847069031695	0.08251266879761725	-0.9877353583899858	0.018632052236293294	0.07625523225814831	-1.0250412825586646	-0.008739872845208435	0.10392803893715506	-1.1997857712006874	0.21075061110761184	1.3702323529257983	-1.1066502107607659	0.31405551286432554	1.5815826131051507	-0.9513393908504955	0.24344715091523422	1.4259185735145177	-0.940042016857765	0.03037487077826622	1.4183918271353235	-1.2017701544430632	-0.22335094389824223	1.4048861421870762	-1.2764018982524354	-0.31594541315839336	1.5257947218115049	-1.0632747529194508	0.3280690480220532	1.2177452822011428	-1.1289572042769864	0.3431865284987867	0.9362052996417901	-1.1066921616545995	0.32352963679632324	0.6857098754829132	-1.027027857072233
32	0.5333333333333333	-0.0969958240111989	0.9152471799992955	-1.1463287758019125	-0.1815604979995272	0.9568093459150467	-1.135729303442001	-0.4500609896620545	0.6494791075225435	-1.0096414763766297	-0.5486547440951443	0.27733549316900524	-1.1497532631533252	-0.6195722781645245	0.21193125131150456	-0.9851222004432393	-0.6508354575612764	0.22455043653260526	-1.0572773158731523	-0.5400661855628959	0.23088676691897125	-1.184618845245324	-0.011353680538752452	0.865361614334632	-1.1136198815462541	-0.06492074669956702	0.48802793597438526	-0.9722592799887371	-0.01913785196833556	0.15249096572615908	-1.14927721601134	-0.033417948711235206	0.08304976223869552	-0.987195165419138	0.01808957255366485	0.07746832694630093	-1.0246536913834736	-0.009726940567474763	0.1051609256031269	-1.2007200327706165	0.21566272953245286	1.3648203715270082	-1.1005101677192937	0.32256338633376036	1.574114597979915	-0.9503994198709602	0.2482952593921911	1.4236638332905167	-0.9343515616854585	0.035265452694446725	1.4162730336699514	-1.1938513873500145	-0.21814105928168773	1.4090322672003852	-1.2669006549447237	-0.30941682994863196	1.536807312563555	-1.0569152968478384	0.33031852203284456	1.2103595961670914	-1.1249065309252242	0.34436251810316937	0.9288701396070997	-1.101222685519936	0.32347450961402535	0.6787333677976075	-1.0203914152265894
33	0.55	-0.10034453415779032	0.9157689777340311	-1.1398403146890792	-0.18511879449727545	0.9576934474418558	-1.1278311634259823	-0.4584686043525895	0.6562775699428728	-1.0013711090160313	-0.5751352401704676	0.2872299037801937	-1.1330073604301167	-0.645050817814269	0.22626425811238593	-0.9676872581475162	-0.6771574011320368	0.2385217395695041	-1.0378164018115765	-0.5692864499866042	0.24085457289764112	-1.1670241219177522	-0.015319853007208818	0.8629680096813773	-1.1069922898197553	-0.06459806785372586	0.485732063808335	-0.9698278480625218	-0.019901682008334195	0.15353034667596405	-1.1482547312449074	-0.033524194445571746	0.08375484503841454	-0.9869764854870906	0.01744490548718346	0.07850880516181354	-1.0245260009078507	-0.010533251194617746	0.1065832999357508	-1.2016856495049641	0.2204752984483793	1.3595203344556923	-1.094904224574444	0.33130069180731575	1.5657934134089049	-0.9493618765438195	0.25304193940908537	1.4205027040659044	-0.9296594334472668	0.0400068642397981	1.4141942384337838	-1.1862529105964525	-0.2133384186681568	1.4139270039205243	-1.2572651872698766	-0.302123574973505	1.5477363608556882	-1.0499489073068389	0.3324247732898291	1.2024901308618694	-1.1210358422580504	0.34600754901433184	0.921584635889822	-1.0969566037010658	0.32417876714647803	0.6719141128783395	-1.0147410603194693
34	0.5666666666666667	-0.10342073797697757	0.9164676939711859	-1.1340450623063012	-0.18818070622494878	0.9588244358195372	-1.1204808356847138	-0.4664272679981731	0.6632797827001065	-0.9931349658752361	-0.5997923637440378	0.29733635644722634	-1.1176800454672728	-0.6694185423316648	0.23931855305220126	-0.9524677742699441	-0.7011840367755797	0.2516450019182482	-1.0204382072256486	-0.5962056620803828	0.25122174428188443	-1.1512786453907393	-0.018796190292482536	0.8609873780738827	-1.1008611276366358	-0.06376253686549067	0.483920802902968	-0.967154323542588	-0.020650134292413153	0.15439159476841813	-1.1473219605251188	-0.03357602809584167	0.08431553037636777	-0.9873510427047881	0.017011800866637804	0.0789910963907108	-1.0251408166777451	-0.011122418175307843	0.10786054979855439	-1.2024848194482054	0.2249302447596027	1.3542900314713442	-1.08959145804064	0.34014145622618164	1.5565907613247643	-0.947697262637795	0.2584460069774584	1.414572184680966	-0.9263403239479163	0.04453073849411944	1.4122414505516265	-1.1786770615027995	-0.2089260013044325	1.41969689565579	-1.2474182194568517	-0.2936902148690002	1.558698131023069	-1.0423928542400873	0.33440412257745034	1.1945718454238259	-1.117355569708359	0.34785485737796	0.9149162414223362	-1.0938455895469004	0.32579709057030026	0.6655165444567719	-1.0098113447076207
35	0.5833333333333334	-0.10619122008507995	0.917375729836754	-1.1289359875387788	-0.19059880015721628	0.9605301810812354	-1.1135728784515635	-0.4739296651919257	0.6705207496193835	-0.9851235975730483	-0.6230745091037901	0.30742515867639486	-1.1037154830036173	-0.6927220992599318	0.2509510095189791	-0.9391665917710034	-0.7234478249384562	0.26356364783126945	-1.0052687741596487	-0.6215733039516382	0.26177354126816543	-1.1372741992538113	-0.02173830466650761	0.8597910779787417	-1.0954530289809143	-0.06288450397434805	0.48251499661570757	-0.9643455571638366	-0.021401937090422676	0.15504902253189032	-1.1465100453137886	-0.033388102131753486	0.08440289205568847	-0.9884533053153925	0.016967605681953785	0.0786780710535915	-1.0266380136454407	-0.01154870085446294	0.10874462981719109	-1.2030376399913907	0.22877495730379213	1.3491547522173835	-1.0842999241045244	0.3487745799686375	1.546902493177539	-0.9450152548447704	0.2644130724730993	1.4056079118272369	-0.923872179342117	0.048853537277114126	1.4104530030902829	-1.1708661026129024	-0.20478042442225805	1.426223320156417	-1.237338934132033	-0.2839070566014503	1.569679582776084	-1.0345591679346597	0.33625766914755745	1.1871842508173331	-1.1139352041349857	0.349677303734216	0.9092253641895021	-1.0916834803324844	0.3284112465563277	0.6597562680324871	-1.0054171019679863
36	0.6	-0.10859987294154187	0.9185268593655435	-1.1242813734899557	-0.19243580323805146	0.9629878960895785	-1.1070411563174745	-0.48106621644388414	0.6778737975450624	-0.9773490586464859	-0.6452518611950473	0.3178210808748073	-1.0907843795049375	-0.7148001792152159	0.26173739251337036	-0.9269912944408216	-0.7444222064168599	0.2745716800009803	-0.9917709596870369	-0.645813903094839	0.2728355097656763	-1.1245599841349503	-0.024220558429065727	0.8594776367321684	-1.0907895574453799	-0.062355659669890234	0.4814442023000672	-0.9616821066840516	-0.022235727067630946	0.15548817862877948	-1.1458968509743084	-0.03292926827282131	0.08374122759442566	-0.9901478091880452	0.017171088430212023	0.07757988275773144	-1.0286762919891386	-0.011992689927672582	0.10915260538753628	-1.2034317310062834	0.23198918429013055	1.3443505018459498	-1.0790137895515466	0.3569492321084344	1.5373113958208153	-0.9411950844151891	0.2703549222473095	1.395033434467343	-0.921589359259202	0.0530728601361487	1.4088491029158057	-1.1627673130389402	-0.20077295202157103	1.4331394111715898	-1.2270262169058674	-0.272818795362992	1.5805977541037253	-1.0266460225769252	0.3379768815913901	1.1807266436922874	-1.1108840752899707	0.3515575006669091	0.9044690516482716	-1.0903287264035197	0.3320113639688336	0.6546421493673521	-1.0016475730615013
37	0.6166666666666667	-0.11063169996662628	0.91988603241618	-1.1197737468644027	-0.1939954587651499	0.966085220032287	-1.1008395232351735	-0.48794032149474414	0.6852866631231826	-0.9696828280772184	-0.6664437768157216	0.329100143280161	-1.0784087214766773	-0.7356706011943179	0.27240585043829557	-0.9153299661440749	-0.7644582404789713	0.2852234869928538	-0.9794533554766223	-0.6690056153815046	0.2848594271836483	-1.1125117789059211	-0.02635822632931847	0.8598508378073653	-1.0866733339470493	-0.06238363083106094	0.4807159088238537	-0.9593577856189301	-0.023235334779900023	0.15579279927517284	-1.1454496388183637	-0.03231783133780916	0.08230419285480865	-0.992181185067662	0.017315556522680783	0.07597468945832575	-1.0308612012871436	-0.012744302379043677	0.10918965281746479	-1.2037798578254761	0.23464382776281456	1.3400774555412345	-1.073881144400357	0.36439041536595823	1.5277441361715252	-0.9370015809946873	0.27614806850025875	1.3843788070784135	-0.9197725560146393	0.0571450179280726	1.407461165237341	-1.1542672023579315	-0.19688459340299153	1.439991970934861	-1.216209300174948	-0.2607134309321617	1.5912907189375147	-1.0183999940442316	0.3395312087409243	1.1752891459314947	-1.1082329295291864	0.35368527927681814	0.9004008771633318	-1.0896237573038332	0.3364160774470528	0.6501943181550263	-0.9986958321038492
38	0.6333333333333333	-0.11241670652960334	0.9212998015613832	-1.1151400038886292	-0.19566383900011458	0.9694563272140677	-1.09484953200894	-0.49461506921383885	0.6928597870116526	-0.9620432370435228	-0.6867238901812017	0.3416508680054491	-1.0660656203193863	-0.755782536175937	0.2834257170900837	-0.9040394458396138	-0.784059278379329	0.2959485420479205	-0.9683564361352258	-0.6911125345578579	0.2979794034434445	-1.1005037456948494	-0.028316593051731915	0.8605533609156586	-1.0827972886771167	-0.06300119479261329	0.4803051507299952	-0.9574361449489883	-0.024383536680834053	0.156139395501387	-1.1450300088936116	-0.031704881259917446	0.08041189087293764	-0.9945322294810873	0.01722312805924923	0.0742762306533243	-1.0331783987840433	-0.01404026663450264	0.10908144585900305	-1.2040258473093695	0.2367266225879123	1.3362270986666887	-1.0689975969675283	0.3707700682439964	1.517541345427392	-0.9336406894057572	0.28202374068653746	1.3743312141913069	-0.918866360962371	0.06080948891788022	1.4063066690367787	-1.1452017929506995	-0.1932299733946054	1.4464623493322162	-1.2044280924273831	-0.24792793080151793	1.601528892128162	-1.009169898605203	0.34082993279508395	1.1707145551666118	-1.105849497125527	0.356042603544586	0.8968172767506901	-1.089271539580665	0.3412652934726053	0.64659577242186	-0.9965710248361824
39	0.65	-0.1142533238386215	0.9225838851194749	-1.1102203430374504	-0.19766814002229424	0.9727135280513141	-1.0889549552653068	-0.5010781623380709	0.7006072280834745	-0.9544262427472653	-0.7061545167714902	0.35539874510835096	-1.0534469610955195	-0.7755296732104684	0.2950388190793879	-0.8928247086344506	-0.803699855826501	0.3070420126867018	-0.9584835836358137	-0.7121335637977481	0.3119512937619219	-1.0881641883460567	-0.0302987807599256	0.8612323932117412	-1.0789420777183263	-0.064017858519854	0.4801235948872947	-0.9559252409144342	-0.025522425803356216	0.15665032011107852	-1.1445591727363897	-0.031104138074909145	0.07856113527396771	-0.9973703792042264	0.016981722265805445	0.07286212466824901	-1.0357601187210679	-0.01588095373651191	0.109056692856086	-1.2039818040857497	0.23831159998069631	1.3325703275790615	-1.0642979989566956	0.3760587692602315	1.5067346453210235	-0.9313909537964155	0.28788336545451176	1.3651727881541038	-0.9183053206223418	0.06381234989529663	1.4053657789348972	-1.1356092298802942	-0.18992083885872887	1.452448059764299	-1.1914814203478665	-0.23470439648470573	1.611051956294759	-0.9982799866024952	0.3417464237105646	1.166732265418074	-1.1035501934829621	0.3584305674552414	0.8935590167288946	-1.088881904119723	0.34622352151358127	0.6439652499204519	-0.995102799288947
40	0.6666666666666666	-0.11647754426478907	0.9236648618043519	-1.1051355090010435	-0.20003700527437518	0.9756241640086493	-1.0831639318581248	-0.5072470532481681	0.7082699909820102	-0.9469312563073515	-0.7247539440162134	0.3698287531509533	-1.0407213827639916	-0.7945215599655108	0.30749590475403316	-0.8807210570708716	-0.8233000715210306	0.31880642300773593	-0.949177312069356	-0.7321328124344041	0.32628338733298023	-1.0755825637824301	-0.03247010446952464	0.8617047120934215	-1.0751035429454778	-0.06503964998280708	0.48007888291844214	-0.9547728695387868	-0.026459488256215084	0.15732246142029507	-1.144058364353169	-0.03041639582665841	0.07717225622258847	-1.0006530037042478	0.016807543124311417	0.07198362652466961	-1.0384460612500654	-0.018015114223574616	0.10925760994135443	-1.2035368180128063	0.23966313095367567	1.3290727655296872	-1.0595214557254296	0.3805951881051768	1.4964583913971565	-0.9292726651924963	0.2933466667293576	1.3572386715894256	-0.9169042272327189	0.0660760848094447	1.4046095073760148	-1.1256641106548742	-0.18694672424870654	1.4579815900500712	-1.1775690578594868	-0.22118548105775265	1.6196303838419195	-0.9854235707277871	0.3421869396553285	1.1631189238538069	-1.1011952472321334	0.3606217799227469	0.8905279860643874	-1.088103039361563	0.35111821331271026	0.6421254367269604	-0.9941202419366548
41	0.6833333333333333	-0.11921919572027481	0.9246333575830892	-1.1003222925680867	-0.20270980205483238	0.9780788096736538	-1.0775516150188575	-0.5130496453273612	0.7154219610605966	-0.9398868476285229	-0.7423683270383616	0.38430808508706193	-1.0284528608109984	-0.8117634711223415	0.3209086893165215	-0.8668626146365037	-0.8421243124108934	0.3314284774948632	-0.9397440508866337	-0.7511486750070046	0.3404183054437931	-1.0631701363931252	-0.03490373141418102	0.8620306067463421	-1.0714363348919274	-0.06568600574508265	0.4801174024073158	-0.9538601222646095	-0.02707043353620741	0.1580903453084677	-1.1435862363602578	-0.02959673076845557	0.0765164584922903	-1.004047592527775	0.016836221427551337	0.07176000099298184	-1.0408521406007252	-0.019996685038167504	0.10970704048695484	-1.2027760006287966	0.2409883332543333	1.3258874358734971	-1.0542995364176693	0.384762450403891	1.4878493857121486	-0.9261272393245266	0.29834837973223166	1.350749079952432	-0.9139974364287478	0.06771714506775942	1.4040453104814092	-1.115405038424966	-0.18421392310852808	1.4631586780824575	-1.1628881864467742	-0.2074489606510574	1.6271617589651404	-0.9707719422972819	0.3421053944807356	1.159792230685942	-1.0985841823657827	0.3623881046356324	0.8878249377501259	-1.0867215709496791	0.35588273483039273	0.6406678999314765	-0.9934444804161359
42	0.7	-0.12220221825729938	0.9257093260112546	-1.0962094988887516	-0.2055686991628001	0.9800536039269154	-1.0721010656492853	-0.5184591525082396	0.7217256634710616	-0.9336342018893647	-0.7585965115544893	0.3983561383119998	-1.0170869656017478	-0.8264242885367684	0.33478629109562735	-0.8516082967636979	-0.8591236683146606	0.34459935593443614	-0.9301581313036871	-0.7690042241421562	0.3538944083205958	-1.0512084900616292	-0.037556645186639696	0.8624256727713584	-1.0681256257671676	-0.06580889170376282	0.480226721644743	-0.9530993189207114	-0.02731036008953345	0.1589190114713842	-1.1432027559342828	-0.02868340005856422	0.07671742626098947	-1.0072287415152108	0.017073577763983154	0.07219421961277254	-1.0427227340067318	-0.021326643582738995	0.11037030098843817	-1.2019047453714313	0.2422455079475563	1.3231384336150964	-1.0483856188140332	0.38876974542360093	1.4811637384711642	-0.9215146283516157	0.3032782963961951	1.3455397599026888	-0.9099386252558356	0.0690187247375059	1.4037263662961466	-1.1047814677852488	-0.1816406176998394	1.4681062869164598	-1.1473274345653957	-0.1935791479145151	1.6336552428873559	-0.9547915988797593	0.341491384897173	1.1567435111097875	-1.0954760701328359	0.3635751053415279	0.8856053332726482	-1.084687557603779	0.3604953039173444	0.6391768392763494	-0.9927933107134532
43	0.7166666666666667	-0.12489913412081803	0.9271506241419019	-1.0928410950061112	-0.20841483826309332	0.9817038713116053	-1.0666828346402126	-0.5233694834909223	0.7272180083512908	-0.9279070232255049	-0.7729653028763346	0.41153469188681807	-1.0064859644421373	-0.8381965753098632	0.34804963628601154	-0.8365636818892945	-0.8731731419935499	0.357320603754449	-0.9202853663301834	-0.7852264639360621	0.3663081854542591	-1.0395594007241815	-0.040270049600903315	0.8631092284894858	-1.0652650887146446	-0.0655324003146965	0.48042113177870255	-0.9524743576866537	-0.027204373918275675	0.15977712672423802	-1.142925980876094	-0.0277086465357991	0.07764346960531544	-1.0099888659258067	0.017483797718263132	0.07311487720294917	-1.0440399582325115	-0.021786168322467655	0.11118664047774439	-1.2010632444109866	0.24330513855114672	1.3208165453495189	-1.0417787848067286	0.3925324226791699	1.4760560095666329	-0.9156300127702615	0.30838174079705144	1.3412088210618736	-0.9055877608088835	0.07026795636375087	1.4036964649247186	-1.093902704692019	-0.17923686174161346	1.4729183477305998	-1.1307261420166743	-0.17972358862543403	1.6390774595113784	-0.9379332557171625	0.3403941780853104	1.1539555809587698	-1.0918198030717812	0.36425266902086106	0.8837955664829693	-1.0821007910100124	0.36499907421215455	0.6374391592303786	-0.9919195269951132
44	0.7333333333333333	-0.12700304397243778	0.9291063829882991	-1.0899196192817506	-0.21099573749965914	0.9833603525762842	-1.06129421084786	-0.5275007611701734	0.7323899749590251	-0.9218131223887143	-0.7851277846557507	0.4233040070980701	-0.9960213817181387	-0.8472395576122483	0.3596315601795434	-0.823705357089212	-0.8832293471395484	0.3682653661661863	-0.9091238469573005	-0.7991817818529507	0.37720371252739826	-1.0278223452957258	-0.04282686086350183	0.8642279014548903	-1.0628036930691325	-0.06513931377832367	0.48071761883634023	-0.9520097323804226	-0.02685691628059264	0.1605398471156912	-1.1427263857752639	-0.02668583065785566	0.0788766147556232	-1.0121429134124038	0.018040404259856934	0.07412680250666852	-1.0449251323037334	-0.021628941325093222	0.11200084071822662	-1.2002554012611348	0.2441621611796045	1.3188736163696868	-1.0346774720097507	0.39570121725143653	1.4722778885624632	-0.9088808689281148	0.3133143583456044	1.3375576849231912	-0.9016408520393656	0.07157953622956098	1.4039448843785012	-1.0830528173580525	-0.1771017888188816	1.4776049601886008	-1.1131932867442826	-0.16604080204315885	1.64330493525273	-0.9204771665748219	0.338957316286553	1.1514659308490434	-1.087847379517162	0.36470508694936254	0.8822070081588332	-1.079234674700042	0.36950597829432646	0.635538494402457	-0.9908166521694068
45	0.75	-0.12867067763346968	0.9314843194503872	-1.087128958105672	-0.21313486249789862	0.985286517378516	-1.0562073213402052	-0.5305681064409035	0.7376897607335665	-0.9148762003717654	-0.7948566187380809	0.43314662572928997	-0.9850501847579946	-0.8539653274931595	0.3689021505617461	-0.8141940069176519	-0.8887935806800742	0.3764584467668293	-0.8958238684943828	-0.8103097360385155	0.3861249529342128	-1.015689464564182	-0.045070573192367666	0.8658092714255939	-1.0605914376915953	-0.06492444886706113	0.4811092586813386	-0.9517674169329279	-0.02644134234754568	0.16104295067761593	-1.1425876237914492	-0.025727412523761553	0.07997901627717358	-1.0135453551344626	0.018636493357301363	0.0748135344776804	-1.0455564477806607	-0.02132470379710148	0.11259337565308046	-1.1994878904801398	0.24486793492825937	1.3173727324962512	-1.02742196550439	0.3980364472074143	1.4698510562103184	-0.9015850311664498	0.3174706063877579	1.3347198459830543	-0.8983808156636767	0.07296650490517535	1.404452704656135	-1.0725122500323025	-0.1753280598455174	1.482090643906437	-1.0950581780884001	-0.15264800649388074	1.64626893045305	-0.902770117622982	0.33739484263113617	1.1494440919725102	-1.0839042330063946	0.3652376980053422	0.8807848607468494	-1.0764960866563216	0.37405784916472107	0.6337256565086267	-0.9896242454287991
46	0.7666666666666667	-0.13030293597592899	0.9339766607432899	-1.0842499728015476	-0.21487567319567943	0.9874861369286569	-1.0517202503088021	-0.532496464045976	0.7429075652317735	-0.9075845004973138	-0.8019575885955026	0.4407236744618356	-0.9733251786164124	-0.8588081219297331	0.375618301564274	-0.8076587739315944	-0.8902005845018411	0.3816170210507047	-0.8808300435540178	-0.8183119861936448	0.3927617006384181	-1.0031632045508143	-0.047001117547919	0.8677274847344847	-1.0584261565965043	-0.06509722492270943	0.4815464751896016	-0.951839283476279	-0.026134675424057854	0.1611877505661218	-1.1425398346372286	-0.025093101096735286	0.08078717305791648	-1.0141459310433978	0.019051896849238314	0.07503227472555456	-1.0460987133972066	-0.021169344659266863	0.11280982674510363	-1.1989283996256737	0.24540428547965754	1.3164771472834245	-1.0203380203190864	0.39971150650108156	1.4688035957601702	-0.8937815159518696	0.32052268637823433	1.3328302694497505	-0.8954450119971594	0.07445714718066153	1.4052253520682179	-1.0623792650611767	-0.17397246051423101	1.4862374984727917	-1.076690930811071	-0.1396651935574803	1.6480356107848473	-0.8853842096969289	0.3359125798358126	1.1481127356328757	-1.080202915324353	0.36600925318208677	0.8795610356736705	-1.074217059920417	0.37849352280279513	0.6321521185489021	-0.9884056981810002
47	0.7833333333333333	-0.13215988377374135	0.9363282564980877	-1.0810792977413846	-0.216435678183889	0.9898427430014182	-1.0479020525131235	-0.5333318607134548	0.7473449850631569	-0.9004276052913338	-0.8061837801657853	0.44596582861904555	-0.9611023004148102	-0.8620953742023423	0.37982989663295685	-0.8027879563903748	-0.8881415757730013	0.38400953578246455	-0.8654319624210657	-0.8231269029947906	0.3970714774776427	-0.9905822649759316	-0.048736658764364504	0.8698334675096048	-1.0561043769885659	-0.0657206380744094	0.4819392927122569	-0.9523182926103266	-0.026017717564349997	0.16090864784382417	-1.1426441030379635	-0.024987866837577154	0.08137877250723555	-1.0139828303723597	0.019159570787499507	0.07492668015603407	-1.0466540266185733	-0.021177741078496393	0.11260852968744306	-1.1988812868611562	0.24576514665856922	1.3162569835818303	-1.0133866385713823	0.40111124658684477	1.4690696367656448	-0.8851743026718901	0.32253081379752313	1.3317683876040212	-0.8916467326108451	0.07597741446037322	1.4062472947345224	-1.0524597260675623	-0.17309261223689798	1.4899283293185583	-1.058395919451982	-0.12725887547673578	1.6487064264750373	-0.8687607982113729	0.33461574138678435	1.147612881348492	-1.0767024512741386	0.3669646944760967	0.8785701788455975	-1.0724596684466827	0.3825873903791406	0.6307723388965556	-0.9871436873969589
48	0.8	-0.13419494208255425	0.938561303414237	-1.0775360576698718	-0.2179976616273894	0.9923231369903546	-1.04472150597893	-0.5329999373029033	0.7505021692661765	-0.8930833876255464	-0.8071954735860529	0.4490472060007901	-0.948868648647997	-0.8638380143684221	0.38188222946158606	-0.7982757526558146	-0.8832014712303591	0.3842524265644447	-0.850744916116972	-0.8246840872718963	0.39929568227976375	-0.978429018369963	-0.05039722894076794	0.8721403339871647	-1.0535898386188767	-0.06666393170629238	0.4822242083635785	-0.9532821984843052	-0.025991432947836554	0.16017894938977625	-1.1429748838537719	-0.025357615956794716	0.08185508049647483	-1.0132076523278304	0.01909226896574625	0.07475162562108034	-1.0471479098315775	-0.02119918903773559	0.11206386898656195	-1.1995723556342386	0.24599358386397865	1.3166177881972358	-1.0060794487445952	0.40245533520980176	1.470409237419673	-0.8753101483212626	0.32370644157362094	1.331232605201265	-0.8855916565627867	0.07724727935886687	1.4074869334561557	-1.0423612686788108	-0.17269531317914713	1.4931705179252883	-1.0403821067085226	-0.11558566602812612	1.648326993621885	-0.8529124783040023	0.33344555815086213	1.1479647776469808	-1.0731333432551085	0.3678914269048165	0.8779336225962463	-1.0710062106837301	0.38630381956367543	0.6295632575775277	-0.9858181110795002
49	0.8166666666666667	-0.13615852289707303	0.9407828096544026	-1.073905521355201	-0.21960030220532098	0.9948704920316307	-1.0422332433043155	-0.531319577707895	0.7523613259019778	-0.885100892659835	-0.8046676777959321	0.45009753322964474	-0.9368997410426368	-0.8633719546333259	0.38225532533704654	-0.793038617386115	-0.8760778922961359	0.38310995751664423	-0.8369924991955342	-0.8227569043187604	0.3997208655119029	-0.9669391205377708	-0.05202073383018597	0.8747266483105904	-1.0511652852234676	-0.0676071195030129	0.48245503169006154	-0.954805181054861	-0.02580422895510977	0.15911530140578173	-1.143562806666063	-0.025966530866478245	0.082226485740291	-1.0121143946979887	0.019097420290031128	0.07474318856375152	-1.0471901199250453	-0.021002729313694093	0.11132865476591038	-1.2009275979779324	0.24605546006321644	1.3174454244843945	-0.998085720448387	0.40368536538936733	1.4721729445916356	-0.8640336933119229	0.32423812003622166	1.3309187789833186	-0.877141380935403	0.07796950432136708	1.4089382273736324	-1.0318755073736274	-0.1726642617111782	1.496064792896651	-1.0227716939457836	-0.10468465836024247	1.6469063485466509	-0.8376343240788489	0.33224813299216344	1.1490923172786243	-1.0691670070198807	0.3686331213803544	0.8779163295029294	-1.0695206543160216	0.3898170912341641	0.6287808811870658	-0.9844268974722267
50	0.8333333333333334	-0.13777497317585113	0.9429295169830871	-1.0707771409386224	-0.2211966767792997	0.9972698443161865	-1.0404287453664278	-0.5282267640229761	0.7531357775109396	-0.8767231477072486	-0.7984444229232499	0.4489899793736846	-0.9250932903219935	-0.8593138650319421	0.38127337848863263	-0.7861891051042504	-0.8676176207732638	0.3811759646491921	-0.82352002026279	-0.8170910933327468	0.39831722651380486	-0.9559369244379223	-0.05351560569926527	0.8775209123957067	-1.0492901283046192	-0.06815254062986088	0.4828114551629677	-0.9569586125834345	-0.02520214458613718	0.15795908591257654	-1.1442952576358612	-0.026586730878746814	0.08245893969315644	-1.0110317924891876	0.019323601719990445	0.07500638067858639	-1.0463912198701997	-0.020329231841743754	0.11049348333518283	-1.2025882433032378	0.2458306548896557	1.3186763320762624	-0.9897380452390581	0.40461079110356835	1.4735456553574522	-0.8519130730408936	0.324322271796935	1.330621977806662	-0.8678458354475439	0.07805897699938401	1.4105744450886928	-1.021256676351454	-0.17283424143713166	1.498676979826145	-1.0056297417741933	-0.09451744655135186	1.6445555870920125	-0.8228071892578276	0.33091569309268176	1.1508445812316845	-1.064634139375955	0.3692142358058026	0.8788370799345405	-1.067750587772525	0.3933087030381685	0.6288642969223954	-0.9830634597561533
51	0.85	-0.13893886351477233	0.9449255120261186	-1.06862713690478	-0.2226991284079278	0.999310385857392	-1.039016513650274	-0.5237945498342977	0.7529944996240052	-0.8683467819931054	-0.7886297569243695	0.445501567521066	-0.9132615367145176	-0.8503124760524583	0.3788603367732452	-0.7770771378097963	-0.8581521118137938	0.37862154262714426	-0.8100620533894762	-0.8076452215973532	0.39468767474498545	-0.9452025521434756	-0.05467168366632412	0.8804029297656968	-1.0482517344910238	-0.06800908866332009	0.4835343191741285	-0.9597335898716375	-0.024078811278889466	0.15691798154839637	-1.1449602965787138	-0.02702909424011372	0.08257005508249728	-1.0101359042023441	0.019804784698224387	0.07542074613120779	-1.0448631010980816	-0.01904743370145908	0.10951078369405783	-1.2041388198347316	0.24523547915798774	1.320194012571048	-0.9815766567651243	0.4050926042604529	1.4741621963276168	-0.8402844266657084	0.32412238828658	1.3302277401244442	-0.8593040435307552	0.07759712325039272	1.4122981429278763	-1.0109597017441616	-0.17319615567417457	1.5009923341437559	-0.9890366390437066	-0.08514373627173492	1.64162213711128	-0.8085294409892996	0.3294182575420541	1.1529925478250558	-1.0595629087023737	0.3697202268757694	0.8808733585915143	-1.0655504633394546	0.39680503052654786	0.6300611681410637	-0.9818968014736295
52	0.8666666666666667	-0.13978771072891027	0.9468586933522712	-1.0674663660688477	-0.22401654625070988	1.0009248598410199	-1.0375025859954055	-0.5180671315281099	0.7519562653803816	-0.8597592669885947	-0.7755898561970846	0.43948530557612747	-0.9014841315109077	-0.835822544871481	0.3745134878866218	-0.7651779071081639	-0.8470770615318478	0.3751014891861263	-0.7977041494351615	-0.7946779015955138	0.38838762547462674	-0.9348509734911057	-0.055249363915038964	0.8833543154621212	-1.0479706177609278	-0.06712683421241104	0.48478711271678043	-0.96298849365199	-0.02254957252451363	0.15606136758162392	-1.1454733308495957	-0.027067605111704324	0.08264214998501074	-1.0093715130686418	0.02052134944119533	0.0757162067927394	-1.043079623705969	-0.01729179887363833	0.10828179187410246	-1.205308556714772	0.24426678499336912	1.3217670813277764	-0.9737326761205559	0.40511267224326575	1.4740572089806638	-0.8306906192684828	0.3236064245963277	1.32960825090437	-0.8517066570467511	0.07666122377849768	1.4140020659208294	-1.0012275397856116	-0.17399501737025108	1.5029554688888696	-0.9731562726672234	-0.07674818772685896	1.638530766721801	-0.7951739733305392	0.3277870557458543	1.1552693400125298	-1.0540740593535876	0.37022024765761424	0.8838971252678187	-1.0628070860116723	0.4001895994952289	0.6322557548469532	-0.9809619223078465
53	0.8833333333333333	-0.14050054918027843	0.9487996311579759	-1.0667923865447408	-0.22516272497770626	1.0021123627375361	-1.035454459948579	-0.5110610039551848	0.74977352410157	-0.8507227439347855	-0.7597375413931192	0.4308675882156774	-0.8900395796348018	-0.8157115557600906	0.3677743314017206	-0.7501284184316743	-0.8332811000161607	0.36985376851494894	-0.7877317131563336	-0.778535484340495	0.3792871384222468	-0.9251464274928418	-0.055086390507900346	0.8862907745212886	-1.0480429377139022	-0.06573682590098663	0.48648532240144277	-0.9665692453106787	-0.020912850518085432	0.1553750134603391	-1.1459731373983204	-0.026524013796529862	0.08275933527048804	-1.0084283122377584	0.02138672743255409	0.07571481136947125	-1.041355021925959	-0.01535337538314346	0.10679340380201663	-1.206043501040608	0.2429685002986476	1.3231736748573597	-0.9660125016874931	0.40470945177368517	1.4732750821332863	-0.8237549672607608	0.3226203805697456	1.3286486241996214	-0.8441659973351793	0.07527274895669782	1.4156586730522176	-0.9920385269864469	-0.17552904382386886	1.5044741346013186	-0.9582308757674762	-0.0695206803132078	1.6354698144409647	-0.7831758747697387	0.32614464538453464	1.157542556280781	-1.0482720443468712	0.3708339796141201	0.8875341895019458	-1.0595571094659275	0.4032981398794619	0.6352003058978993	-0.9800544841694636
54	0.9	-0.14103480478611571	0.9506649549538934	-1.0657059339757922	-0.2262112276139638	1.0029031558723749	-1.0327226315058189	-0.5028066936399255	0.7459943325931807	-0.8417260412466461	-0.7411866205761377	0.4196591294288786	-0.8791427269293924	-0.7897387844325525	0.3586574014219786	-0.7323377344952261	-0.8157103099183965	0.3620939534370735	-0.7798947490768627	-0.7593347532023204	0.36766382021961286	-0.916144942606831	-0.05413796887299223	0.8890608757988918	-1.0478200670805395	-0.06429676742055634	0.48836458482880823	-0.9704101832123353	-0.019500387399117365	0.15486475285742962	-1.146642094307954	-0.02548957351822885	0.08293737019647952	-1.0067926167558092	0.022184439765178754	0.07544497476872772	-1.0396062768355272	-0.013493699387067556	0.10519751773493924	-1.2064780079219584	0.2414268789121451	1.3243745055152534	-0.958219215344242	0.4037855392810584	1.4719075894104285	-0.8186753206852404	0.3211187170796793	1.3275088225069787	-0.8358372324308787	0.07343129399587593	1.4173172530490508	-0.9832381934822207	-0.17793816010237287	1.5053892365834416	-0.9445143093772088	-0.06363116702615185	1.6323467582255904	-0.7726199749605043	0.3246856624771896	1.1599129792022371	-1.0422139144845675	0.37171726208046557	0.8914103662553889	-1.0560662706545108	0.40598140879950234	0.6387674141307066	-0.9788213995902846
55	0.9166666666666666	-0.14110876432757144	0.9523668791589174	-1.063082368679744	-0.22714202619484378	1.003398066768807	-1.0294813219942613	-0.4931945300103423	0.7403915030777407	-0.8333281583853067	-0.7195815303484422	0.4059847204395426	-0.8689050134652747	-0.7581065666367962	0.3472371114200446	-0.7137348545366203	-0.7933034276781952	0.35142432729607676	-0.7722281147291998	-0.7368328676657632	0.35392432950298786	-0.9076400772369836	-0.05247343431574929	0.8917430487794455	-1.0464674263307943	-0.06333117353420613	0.4902998222046945	-0.9743589826902802	-0.018525761923469775	0.15456818085144378	-1.1474896605381382	-0.024293395236184952	0.08310159950051124	-1.0040140264143302	0.0226033179082421	0.0750427280993047	-1.0375106683605615	-0.011954814464701506	0.1037366073553781	-1.2068300826850429	0.23977907960902003	1.325500643823718	-0.9501714727917216	0.402000138202354	1.4702499414174286	-0.814069165666779	0.3191339769167465	1.3266372887115805	-0.8267843386469359	0.07114411681070539	1.4190225785085524	-0.9746216853354892	-0.1812137116208536	1.5055072289465954	-0.9322941586257991	-0.05933212611378962	1.6289713136945705	-0.7630892889870843	0.32355355288095344	1.162545049666022	-1.035952339774946	0.37293582613211085	0.895302491690297	-1.0525991189787347	0.4081706887330017	0.6429153394522411	-0.9768955951663753
56	0.9333333333333332	-0.14042811834384644	0.9539063396071941	-1.0578558266281892	-0.22791168268351433	1.0037044501490735	-1.0260058717129872	-0.4818985197891429	0.7332147933162747	-0.8253277950023498	-0.6942220472610867	0.3901365511958469	-0.8593269300485329	-0.7216737164891645	0.3332684064474362	-0.6971549304671713	-0.7648100607005281	0.33792792543916694	-0.7620951482892165	-0.7105095352617211	0.33836461090525927	-0.8992016573188801	-0.050342032468047554	0.8945650436576448	-1.043115194584619	-0.0632161379155589	0.49239358734363403	-0.9779897237274151	-0.01803180580159649	0.1544934736476739	-1.1483424116166066	-0.023209756080223957	0.0831679030807083	-1.0000288954652814	0.02247004732092773	0.074678848741567	-1.0348949529411429	-0.010997778168205699	0.10257967665952557	-1.2072570189025995	0.23808772419370466	1.3267166227025553	-0.9415971172619525	0.39892973387946773	1.4689507560539508	-0.8088315167657528	0.3165308007616776	1.3263742261314866	-0.8178136338442613	0.0683970733481446	1.4207661059059642	-0.9659892836278707	-0.18523101131204764	1.5046811786618148	-0.9219293819699507	-0.05705481263688311	1.625166907524469	-0.7537300367143862	0.3227064158622092	1.1655107997029548	-1.0294703327400552	0.3743762783321697	0.8991296461073293	-1.0492264196655132	0.40990292322008476	0.6475663393491216	-0.9740212843254846
57	0.95	-0.13887042410350425	0.9553195239272889	-1.0493817638761838	-0.22859134308343212	1.003837685517091	-1.0224016590543974	-0.46859154796414515	0.7248486713132853	-0.8173582520236231	-0.6644676575539388	0.37264802961203203	-0.8501870901352179	-0.681231643214329	0.31682965409371017	-0.6840222151992134	-0.7295188000697937	0.32211339082810514	-0.7478618055510149	-0.6797874403628215	0.32126959018371737	-0.890302643628547	-0.048179648045346815	0.8975358857964688	-1.0371142252276828	-0.06398887622355577	0.49469283673310527	-0.9807704408921624	-0.017941962235193308	0.15458914350511857	-1.14901927538553	-0.02237019541772294	0.08316876083845044	-0.9953700612787016	0.021911637672813167	0.07455303512353711	-1.0320258028397808	-0.010775134217916406	0.10180674456886939	-1.2077475427289508	0.23612306726561744	1.3281740817923091	-0.9323182322436895	0.394269828464275	1.4689629726341056	-0.8021357773703436	0.3128910217037928	1.3267549964021599	-0.8090487275886753	0.06506619994153784	1.4225372724658338	-0.9572049058954052	-0.18983464511978018	1.5028648174899715	-0.9135741077370632	-0.05735687098930904	1.6207446276049902	-0.7434974890497545	0.32191060048446546	1.1688649702302616	-1.0226096942291005	0.3757864544000939	0.9029154070634218	-1.0458819204852012	0.4112338035906088	0.6525680424205054	-0.9701080797806612
58	0.9666666666666668	-0.13656062156952892	0.9566953664027327	-1.0378277044824753	-0.2293237698345982	1.003735133813321	-1.0185375821408698	-0.45319070717198784	0.7154252901860075	-0.8097475889726551	-0.630204826987217	0.35424262041840326	-0.8410580877829069	-0.63722977005526	0.2988737387684977	-0.6731898816877153	-0.6881068473556214	0.3048013788821514	-0.7300132848208948	-0.6443392494423205	0.3030546840700354	-0.880549882451014	-0.04637052502413798	0.9004554801134319	-1.0284912449692944	-0.06528530592534719	0.49703828562918606	-0.9823807139036331	-0.018148795312274736	0.15478872057225307	-1.1494419914074872	-0.02189798245671444	0.08327601713441145	-0.9910188370019383	0.021190206906479856	0.07486418339799146	-1.0295124811024297	-0.011263487440213759	0.1014970297043825	-1.2081455859211523	0.23342183714130868	1.330025068874842	-0.9225273612618783	0.3879933466696369	1.4710696080104535	-0.793174393908446	0.30779450720927337	1.3276697029840068	-0.799244305493694	0.06089398268617612	1.424427325649014	-0.9482485764183282	-0.19501682413272112	1.5000982763562376	-0.9068040977156117	-0.06076435121176031	1.6154371845390627	-0.7318158857936351	0.32087621507756015	1.1726840451896916	-1.0152255607148573	0.37690780966142345	0.9066835703082226	-1.042457473722823	0.412185133457991	0.6576343024482364	-0.9651543738427596
59	0.9833333333333332	-0.13392220932915896	0.9581766613163737	-1.024467583155648	-0.2302061737764615	1.0033306444694539	-1.014146014015286	-0.43586414068818224	0.7049373053066162	-0.8032310613879433	-0.5919909855999271	0.3357182898437424	-0.831440310201202	-0.590138627155557	0.28069205602995434	-0.6625938351408259	-0.6422153294713662	0.28691684231065917	-0.7102362377747735	-0.6044075617425635	0.28435110478790737	-0.8696278631461843	-0.04503668093987696	0.903167094179613	-1.0184417476763727	-0.0664573051814905	0.4992444279949496	-0.9828478318981585	-0.018553548972315516	0.15498508581667708	-1.1496386646559873	-0.021834698558914074	0.08366759478431507	-0.9877983887899879	0.020482466445096374	0.07573056346268056	-1.0279338079914413	-0.012350703063703259	0.10164609131930831	-1.2082995010669897	0.22966954924337057	1.3324020718771845	-0.9126552915408456	0.38063900138221507	1.4754721585230108	-0.7809925126831346	0.30136469242112723	1.3289817861141056	-0.7872774597081312	0.055612940219758863	1.4266291162003766	-0.9392275751146957	-0.2009681872898545	1.496434169579958	-0.9006869761388664	-0.06754877324414989	1.6089815506689076	-0.7191439176474181	0.3193858658881379	1.1769615667414464	-1.0073642198847648	0.3775793004967541	0.9104000197886772	-1.0387729473051053	0.41280259799616165	0.6623908966823047	-0.9591780550108023
60	1.0	-0.13146649076921674	0.9598166622272803	-1.0112552678503304	-0.23120533724592085	1.0025546379704953	-1.0089365318217567	-0.4168708659651517	0.6934822655141519	-0.7983052416322134	-0.5508418451650041	0.31782289109219547	-0.8208577516568493	-0.5406879810297325	0.26319255712455564	-0.6510219410421177	-0.5935332721317701	0.2693082381517497	-0.6899372346526739	-0.5609868743926536	0.26601655144416103	-0.8571131923261619	-0.04407267534251611	0.9056223349915494	-1.008802431664795	-0.06680809142431582	0.5011930602885469	-0.9824612573278018	-0.01904769729282502	0.15495496447232998	-1.1497614328213464	-0.021884783734949478	0.0843628367924647	-0.9859344315297692	0.01993424685892185	0.07703663385472362	-1.0275706442803298	-0.01384525349417132	0.1020245796441653	-1.2081752540074124	0.22488639222982523	1.3353886215001833	-0.9030658205786511	0.37333338557315876	1.4816415801999807	-0.7644858473468492	0.2943562509329217	1.3305228629800805	-0.7735760076080681	0.04916944021417763	1.4292581502681596	-0.9303726753855907	-0.207930546789941	1.4918868844256459	-0.8942830488045856	-0.07736976880876989	1.6014317982508608	-0.7065809845718004	0.3172992861145297	1.1816501141944942	-0.9991871491524483	0.3777627249105973	0.9141625351321213	-1.0344955678690697	0.41320493384644696	0.6666942777893068	-0.9523077449927624
61	1.0166666666666666	-0.12938991198459543	0.9614361734578694	-0.9996442285445776	-0.23215126898756885	1.0012475659912736	-1.0026784151650305	-0.396449296296577	0.6812210401605572	-0.7950458074626466	-0.5079476426636336	0.3010059710977645	-0.8089581317579773	-0.4898845240787255	0.2467409806389455	-0.6381341500164277	-0.5434730818337105	0.25249545079292557	-0.6698605961873869	-0.5156614003853348	0.2488110148785447	-0.8426409988973845	-0.043247462952919646	0.9078457052420823	-1.0003293577941288	-0.06586202221740116	0.5026952067003032	-0.9815682182314686	-0.019528833876191996	0.1544763489913732	-1.1499906557030537	-0.021361388597173386	0.08518925039475907	-0.9852216963541593	0.019850384432656007	0.07835682235914619	-1.0284051072162925	-0.01548155502996974	0.10226816882609514	-1.2078094868555567	0.2192427081229259	1.3389588261538117	-0.8939335037817083	0.36705984974312444	1.4885178843059665	-0.7431799558610944	0.2875787784144948	1.3320577037503907	-0.7596063914682489	0.04186337235581928	1.432160226732039	-0.9219490384824628	-0.21593844176747742	1.4864847259599763	-0.887132488630195	-0.08924488866366997	1.5932454186142149	-0.6948605677817319	0.3145088064253195	1.1867979987065551	-0.9908152670228213	0.37750472710467986	0.9182805204585927	-1.029281696718205	0.41353066216375	0.6707944375792503	-0.9448586213965221
62	1.0333333333333334	-0.1275282165293151	0.9626400893477302	-0.9899281745884382	-0.2328079614621966	0.9991579555741739	-0.9953689222120256	-0.3748215268061923	0.6682674694388574	-0.7932428151091895	-0.4645473560426683	0.2853378726214117	-0.7956603728127298	-0.4389939109413633	0.23136808782455198	-0.6238700300679264	-0.49325617339383515	0.23654065346085368	-0.6502743401833972	-0.4702138911523103	0.23310111260775349	-0.8262910884428246	-0.04230302454179763	0.9098970941525805	-0.9920247550625014	-0.0635724458395351	0.5034755983317794	-0.980434488407262	-0.01997303527043768	0.1534883411242023	-1.1503443010333565	-0.019446235551647897	0.08585867387903048	-0.9853906138397277	0.020605678865262204	0.07910993628948854	-1.0302151622567237	-0.017090753452623748	0.10209154926474448	-1.2071734383449744	0.21294974813103806	1.3429120190127115	-0.8852271997623424	0.3618922157890163	1.4951862837536332	-0.7186497416630664	0.28141701169429767	1.3333435550780646	-0.7466437519406901	0.034211675000309805	1.4349321838292393	-0.9139753186587477	-0.2247023376933989	1.4803888104224145	-0.8793841078287619	-0.10209543878058944	1.584896691498539	-0.684071778074381	0.31100152663611225	1.192457205293577	-0.9823654221599181	0.37687364297987497	0.9229942121446891	-1.0230803999174747	0.4138485214228387	0.6751000789697615	-0.9371884157721997
63	1.05	-0.1256743519910363	0.9630251565911949	-0.9816476766104376	-0.23294820702114052	0.9961129860854205	-0.9873635453316012	-0.3522415028889311	0.6547255524804804	-0.7926315697074582	-0.4218938659039336	0.27081704720743993	-0.7814009729149048	-0.3894469295053832	0.21706319849976702	-0.6084545230868508	-0.4441111565931685	0.2213863708821806	-0.6314252948332183	-0.42622425566254024	0.21904346224355628	-0.8089050878072956	-0.041063052781994916	0.9117418906423607	-0.982855620476474	-0.06032516055284036	0.5033728342649935	-0.97925964848853	-0.020461081269188146	0.15208203739439458	-1.1506515139933475	-0.015575888712832246	0.08601853285901008	-0.9862891395797059	0.022282161692021945	0.07884778247281729	-1.0326235419819954	-0.01875427749614115	0.10142084328100395	-1.206110927395935	0.20632871533316435	1.3469585010786151	-0.8767548301617447	0.35709583671951384	1.5013536933114753	-0.6943394027557519	0.27574507672505644	1.3343968712644891	-0.7350108483628885	0.02665237557473138	1.437204675156848	-0.9059742935969578	-0.23378318393495456	1.4739308691330966	-0.8715420261405273	-0.115184608998894	1.5766071004609135	-0.6741650270287037	0.3069709928268485	1.1985318288021625	-0.973981057473481	0.3759393348082281	0.9283407170882317	-1.0162116185228807	0.4141626137516568	0.6799824514646955	-0.9295238303665776
64	1.0666666666666669	-0.12381376033681471	0.96241028509217	-0.9742413722041403	-0.23244278857688486	0.9921731831482807	-0.9791829267426166	-0.329056541056723	0.6407974707161753	-0.7929371761420584	-0.3810313744052874	0.2575268444348475	-0.7673628882116057	-0.34257793583101115	0.20387981140045539	-0.5928095028501124	-0.3973197342601975	0.20714325065969577	-0.6141027990087864	-0.38468782891041614	0.2067004575961673	-0.7921572067367986	-0.03954047465660338	0.9132106954454764	-0.9733063067132736	-0.05670233873212736	0.502496223965271	-0.9782521176317674	-0.02112124183389761	0.15050589828720226	-1.150698061006198	-0.0097228478591866	0.08536099196664775	-0.9879145557726904	0.024589155248363137	0.07755302042387652	-1.0351905745152954	-0.020750550639694883	0.10050838658972656	-1.2044372555094909	0.1997298550807174	1.350940362235956	-0.8682536558790237	0.351812169670525	1.507203852611715	-0.6732447424323158	0.2700962811666001	1.3356872530201136	-0.7239954426924508	0.019393438898347562	1.438911878002773	-0.8970409316922819	-0.2428301249269549	1.4674715505982738	-0.8641090328649069	-0.12815407293507808	1.5684495472544506	-0.6651417636701951	0.30276526404160925	1.204876554445642	-0.9657304161102553	0.3747796305888248	0.9343291804933928	-1.009147609117244	0.41447714510676115	0.6857533991983069	-0.9218950099245876
65	1.0833333333333333	-0.12208949926367549	0.9608929398416783	-0.9673598099433045	-0.23134071771484593	0.9876337132957577	-0.9712009328741799	-0.30576130672771434	0.6268769488645808	-0.7937909240171812	-0.34255343627813206	0.24540725267966007	-0.7550617844838468	-0.2993136707458046	0.19192059071825385	-0.5780651328171315	-0.3540573133308317	0.19386321111959645	-0.5994205611070302	-0.345937572870223	0.19573424742106107	-0.777971861375913	-0.03794233862214244	0.9141869973144356	-0.9645438129166077	-0.05325834891793145	0.501210082905363	-0.977586350732339	-0.02203938935759148	0.14922862908662948	-1.1504279961718824	-0.002520844963552412	0.08386363118536438	-0.9903038867233533	0.027150156137129986	0.07572798912096378	-1.037610984622081	-0.023289725236445815	0.100031620714602	-1.2021861946106152	0.19331396397152623	1.3549327968308562	-0.8595362768809257	0.3456140827434103	1.5130933519646488	-0.6563755606807081	0.2641392734514577	1.3378774572469974	-0.7127372759372127	0.012476094304772825	1.4402269774001022	-0.8862575924703824	-0.2517027245363712	1.4612168664236544	-0.8574024640154858	-0.1409416825373198	1.5604812183399912	-0.6568602394662459	0.298663402362407	1.2114682917947277	-0.957598975816564	0.37345290769619394	0.9409666669285972	-1.0022205647955789	0.41484086673483	0.6926074950195995	-0.9141203224281581
66	1.1	-0.12060681820626594	0.9587411651196793	-0.9608231827741097	-0.22980569879668095	0.9828941217756064	-0.9635607565174271	-0.2829651825733179	0.6135730994055435	-0.7947788331602966	-0.3066743543501557	0.23419925225696864	-0.745302349225501	-0.2600553385064026	0.18136392816861577	-0.5644325840325994	-0.31519174151344465	0.18127546304355546	-0.5880299297539748	-0.30992770802851694	0.18537421559131104	-0.7674251819235484	-0.0364139239449591	0.9146843312798588	-0.9570256600366356	-0.05046691133583636	0.4999356488966912	-0.9772412254343636	-0.023193492330700987	0.14884137596017888	-1.1500821182059793	0.004731992711982796	0.08187849014259939	-0.9932724993469104	0.029615360800149315	0.07400769461016243	-1.0397974951577786	-0.02627018381288771	0.10084278788318542	-1.1998204351527473	0.1869637762529762	1.3590865152141667	-0.85067545314908	0.3385055613504685	1.5193673316725518	-0.643231500033349	0.25790735891704336	1.3413181167677792	-0.7012855539884872	0.005860959351708477	1.4413105726041449	-0.8731821376358939	-0.26046051399723014	1.4551935231325568	-0.8514884877818549	-0.15367901021123442	1.5527266220209708	-0.6488891241388134	0.29470849022700585	1.218364689824555	-0.9495028230168354	0.37198115171112855	0.9482192281278945	-0.995518034594057	0.41536931638778646	0.7006073092198113	-0.9059754371900597
67	1.1166666666666667	-0.11928860487184179	0.956204868114297	-0.9543740970135524	-0.22794790290061362	0.9782324199048431	-0.9562537042299483	-0.26126975626716364	0.6016014011543498	-0.7954849689230422	-0.2733954730467325	0.22372513233497873	-0.7377184367278028	-0.2248101727146818	0.17231561765218734	-0.5513169767697582	-0.2810154975306305	0.168921014704779	-0.5799077205207139	-0.27642411667597494	0.1750036443823823	-0.7602132383068096	-0.03475663540537156	0.9146808414838954	-0.9503773839616372	-0.048598442338559936	0.49893096358147815	-0.9769683295039978	-0.02443410223097074	0.1497716348550217	-1.1499788572322938	0.01029363365726045	0.07993492682600756	-0.9962427128750919	0.031563147307525935	0.07265974326962711	-1.0416852837459545	-0.02930910996253884	0.10331653331261711	-1.1980403522639396	0.18041394310150613	1.3634170627306865	-0.8420090670713217	0.33047084291055895	1.5262326904259749	-0.6327119803321876	0.25131173057695383	1.3458618950447583	-0.6903842452399811	-0.0005979211452887926	1.442244490428418	-0.8581256626290643	-0.269247579144279	1.4493036404231536	-0.8461406786778767	-0.16655123922086085	1.5450849464658285	-0.6404527335336994	0.29073432837269514	1.225560049262856	-0.9412121863894382	0.3703736315318409	0.956181193000234	-0.9889712946406932	0.4161971086914681	0.7097742473307832	-0.8974526196943317
68	1.1333333333333333	-0.11784741526660328	0.9533662572770055	-0.9475398263877551	-0.22573576957895766	0.9736771607543573	-0.9491045142807941	-0.24116940195286052	0.5915366744375704	-0.7954356191162192	-0.24254369519529262	0.21397597450279562	-0.7314661877144892	-0.1934197386614751	0.1643932485056056	-0.5386894311133249	-0.25112321356651174	0.15646290866503967	-0.5745821642177276	-0.2450224531115548	0.16454614611242402	-0.7552655563353893	-0.032464556664891585	0.9140544322336136	-0.9438504214565538	-0.047477285278036914	0.49821835587598595	-0.9763879087973708	-0.025503804497138103	0.15203522937135575	-1.1501044361894375	0.0125149614183648	0.07843958784864666	-0.9984020860110859	0.03262305695945859	0.0715863360446909	-1.0430574615782835	-0.031917402848456095	0.10700292393720257	-1.1972613382882864	0.17341577541659015	1.3678284212991176	-0.8338492483780422	0.32124974392151445	1.5337062704373714	-0.6236703362816528	0.24385931276986011	1.3510983989030012	-0.6805648556466205	-0.007281894727322471	1.443121125204552	-0.8424039335979712	-0.2781994893346732	1.4433352625927254	-0.8409056800417777	-0.179634170595732	1.5373785164998026	-0.6307577538296564	0.28647221338879636	1.2330342353345016	-0.9323472554065959	0.36864741774522014	0.9650809137075214	-0.9824634415797193	0.4173857870180975	0.7200918517282854	-0.8887897913821966
69	1.15	-0.11583847335088844	0.9501494995318267	-0.9397357722805768	-0.22299335322612043	0.9691006603078399	-0.9416218225082449	-0.22301582041162366	0.5835147243939687	-0.7941211360886528	-0.21380062466322425	0.20479391507865263	-0.7261330863532119	-0.16572314336954458	0.15632327518593186	-0.5281046120274606	-0.22471893421085212	0.14378195985997325	-0.5713071108900121	-0.21522039211342509	0.1540703842795202	-0.7517304295801144	-0.029014305483477422	0.9126974928433227	-0.9366323328729471	-0.046464804203868074	0.497577145019694	-0.9750108617772267	-0.026160732637914453	0.1551938011781282	-1.150209092449764	0.010519225755207431	0.07750665703374048	-0.9991175406577266	0.03274397979860983	0.07065723361440952	-1.043733074482756	-0.03367257506014868	0.11104636142131566	-1.1973912714780977	0.16573862742271278	1.372292713134864	-0.8261103133721341	0.3106676206256614	1.5416484977963127	-0.6153982019545221	0.2352928913658446	1.3566910861738397	-0.6719764057940213	-0.014850988145487439	1.4440002315659763	-0.8282462500561938	-0.28738027352068574	1.436999085481722	-0.8352971140894474	-0.1929091861602883	1.5294752970480394	-0.6196336028360064	0.2816514494481065	1.2409312577483471	-0.9225108750679786	0.3668514709168605	0.975034457588423	-0.9759695233860592	0.4189385043168051	0.7314716902422662	-0.88038409162509
70	1.1666666666666667	-0.1128195217696968	0.9464562150329271	-0.9304296612769889	-0.21943243187116343	0.9643475198510194	-0.9330002555902627	-0.2069101690826196	0.5769589646294611	-0.7912041478943339	-0.1867947149842485	0.1956635829780747	-0.7219041638122382	-0.14151069994344134	0.1462015654903145	-0.5221876640178713	-0.20105133198332392	0.13079209518662946	-0.5695128972250606	-0.1865912035921848	0.1433549607461971	-0.7493280987293687	-0.02414501307645821	0.9106004114258807	-0.9280937491768291	-0.044747106131579374	0.49673733595434083	-0.9722987225700985	-0.02634641623660212	0.15852710780458357	-1.150196111368188	0.0048346433615609925	0.07707435573066462	-0.9983414714570636	0.03226795796604025	0.06988375599700165	-1.0438496560000536	-0.034407050344330524	0.1147673977814206	-1.1980472606694799	0.1571713796258904	1.3769291389500817	-0.8182436162112122	0.29889735058584777	1.5498731613277485	-0.6077999586984054	0.22607733088537862	1.3626100348820684	-0.6646038890835145	-0.023975636896772345	1.4447927109779384	-0.8176891953570369	-0.29669759248853533	1.430001283735336	-0.8290582426468693	-0.2064861217276163	1.5212482291409988	-0.6076803175944259	0.2761177206788935	1.2494914436867153	-0.9116115207923355	0.36510114853683656	0.9859994634458377	-0.9696050547430299	0.4209218765312022	0.7438430264023533	-0.8726978051228316
71	1.1833333333333331	-0.10854672002283829	0.942274449890691	-0.9194034881052912	-0.2147665941585098	0.9592743500986639	-0.9225532127497023	-0.19250878626805026	0.5706344118181187	-0.7867239912123378	-0.16125580560097613	0.18606827880865126	-0.7191507508336795	-0.12048371831769594	0.13282205134913455	-0.5226667172728892	-0.1796719098170866	0.11743398419205553	-0.5692664329810675	-0.15900383916887656	0.13220488040775275	-0.7480876954787458	-0.01793736968287117	0.907857742201095	-0.918043690098926	-0.04170672671823533	0.49568791201182716	-0.9679582054756883	-0.02622357767396702	0.16134655005474297	-1.1501048332238044	-0.002447165784752436	0.0770113426279604	-0.9966934812617824	0.0317602345556701	0.06936917982263484	-1.043780950994033	-0.034312367223995666	0.11777039556383949	-1.198796776215004	0.1477123159270103	1.3819644846453216	-0.8096142252635822	0.28604610435861005	1.558389127861221	-0.6008100505576833	0.21684765903607658	1.3691940757015655	-0.6580610220433383	-0.034977428935710285	1.4453297567215277	-0.8114132199718314	-0.3059517263582312	1.4221080790686225	-0.8222861419544474	-0.2206595441042667	1.5125181992341807	-0.5957768629585054	0.2698435149204641	1.2587259572332328	-0.9003629355648397	0.36357153900544764	0.9979408269709981	-0.9635056916518897	0.42353092161097755	0.7572515991940386	-0.8660365569752577
72	1.2	-0.10303082138155932	0.937673781433602	-0.9070744797445587	-0.2088378808375038	0.9537463374574239	-0.9102666290690392	-0.1790925607596108	0.563355959925778	-0.7810187318712128	-0.13717579722756804	0.17604096499164132	-0.7181595433332348	-0.10249872473912369	0.11693196047124901	-0.5288022673953272	-0.16058785803879336	0.1040213953118822	-0.5710664205286243	-0.13273719318957186	0.12101210582923341	-0.7481640048468235	-0.010697272043203414	0.9046345797015358	-0.9067967461773189	-0.03726966353015792	0.4945726359078353	-0.9624359379144296	-0.026114681214399568	0.1632753491599338	-1.1499511113662118	-0.008709059914816512	0.07698982810242788	-0.9950409359645317	0.03165733044661618	0.06916475574658038	-1.0438458040609764	-0.03386380964355549	0.11984135458292336	-1.199334104555075	0.1376558109481215	1.3876332145940995	-0.7999695321611197	0.27171358791255185	1.5675457084501603	-0.5937602823260549	0.20766632208905	1.377007820545816	-0.6513731621005767	-0.04767512115538819	1.44550665345833	-0.8085730416155393	-0.31506622489925906	1.4131918302512156	-0.8152684348704315	-0.23573949810866343	1.5030677378173638	-0.5846302447692637	0.2627789360996238	1.2683454240737126	-0.8902304844877621	0.36242693333303333	1.0108910697947966	-0.9577912295957095	0.42706714121694445	0.7718669067724667	-0.8604185813166411
73	1.2166666666666666	-0.09645954783703839	0.9327682881514263	-0.8943889447045815	-0.20167022790233857	0.9476556183930448	-0.8967607330171257	-0.16603239250815224	0.5547736993457624	-0.7744586272192837	-0.11482951411999953	0.16620844619096098	-0.7191681338257832	-0.08762888002751697	0.1007553367290396	-0.5380029511435253	-0.14414347103668917	0.09127989086910829	-0.5752309661101649	-0.10837495142360018	0.1106628402754792	-0.749847527670094	-0.002815126473917337	0.9011032240956226	-0.894887549842295	-0.03202076580543961	0.4933924395514399	-0.9569966123264787	-0.026342034713545726	0.16433411279781043	-1.1497430318332436	-0.012347331244160634	0.0764653466674459	-0.9939334687991321	0.0319899994252019	0.0691633499184604	-1.0442285381620229	-0.03357720405113083	0.12103346979854414	-1.1995928177693707	0.1273107106457819	1.3940053474659921	-0.7895690307530223	0.2554553387344096	1.5777190026143546	-0.5858303437183994	0.1979499625815711	1.3866275194542221	-0.643277098573115	-0.06146081781649691	1.4452754263969771	-0.8073166393891638	-0.3242327322762094	1.4032068199261107	-0.8082714047324371	-0.2519555068116197	1.4926228573844262	-0.5745950603386483	0.25483839875074893	1.278158829382787	-0.8822516949860856	0.36174653697088666	1.0248521393591905	-0.9525997085500125	0.4319086108480373	0.7879157750887462	-0.8556810694073165
74	1.2333333333333334	-0.0891380988329443	0.9277190250515183	-0.8823436922700558	-0.19345521975544547	0.9409917576872288	-0.8827553989939644	-0.1531593270934402	0.5455558898117076	-0.7670937948411278	-0.09469928713340088	0.1573020887738776	-0.7222747106003772	-0.07584519249033517	0.08635528233520919	-0.5476968201640784	-0.130636300085988	0.07995375423896511	-0.5814462262119565	-0.08662907076087392	0.10189470419976969	-0.7533178825751555	0.005342337681032989	0.8973934042799273	-0.8827622543678524	-0.026787477813841436	0.49199659080581043	-0.9526361192531109	-0.0269585156629409	0.16478024984184392	-1.1494682622085004	-0.013225671948517637	0.07491807812880258	-0.993410812348064	0.03245184827829765	0.06913256326933524	-1.0450175746061943	-0.03373558869289609	0.12167477564074024	-1.1996379006451838	0.11672943769917334	1.400897569209049	-0.7789321498800487	0.23744098010041403	1.5888818414688621	-0.5768678655356597	0.1868001904888504	1.3985989840406585	-0.6325589936839092	-0.07560433528822495	1.444587913154008	-0.8056492192200626	-0.33373721748420115	1.392130436537559	-0.8015375964048094	-0.26940913074863115	1.4808896053564462	-0.5655701493112109	0.24607831035706146	1.2883675946317064	-0.8761972225826048	0.361504384424849	1.0397357423133649	-0.9480268198815007	0.43844818251386086	0.8056438927110182	-0.8515648215724996
75	1.25	-0.08142602390199392	0.9227372378491505	-0.8716482429234702	-0.18445085628872715	0.9338967255506625	-0.8687005178521988	-0.14071408660344747	0.5370654021527516	-0.7583371234092471	-0.07744016592116851	0.14967748265537464	-0.7271133500234324	-0.06694401389028848	0.07483978379719985	-0.5562415104068685	-0.12017869756033621	0.07062476592424194	-0.5886783628072659	-0.06826075466084842	0.09483899354147542	-0.7582058162827288	0.013555684480233834	0.8936015889139559	-0.8707477558952016	-0.021973907754579348	0.4902405826165426	-0.9489807372285799	-0.02765318084185264	0.16487828761202702	-1.1490446844991147	-0.012094960111801818	0.07213694255635782	-0.9931593658403621	0.03269821692680847	0.06891330858285001	-1.046135263482101	-0.0342809480334945	0.12215514089164449	-1.1994946256056267	0.10581289973303198	1.4080421321435324	-0.76850962203135	0.218198171973381	1.6006092447808196	-0.5672112517167689	0.17333113049490662	1.413391024677142	-0.6181484954046468	-0.08952243721253031	1.443413811573472	-0.8020727302489957	-0.34362184583700256	1.3799920205250067	-0.7954023005472839	-0.2879256015962709	1.4677337420200778	-0.5570505684459783	0.23669043969778156	1.2993440323005285	-0.8712801852474827	0.3616066430775666	1.0555109096029869	-0.9440744489455265	0.44698118516517565	0.8254030855713711	-0.8477218140478124
76	1.2666666666666666	-0.0736141980532611	0.9180744757885828	-0.8625717680318348	-0.17491068020161415	0.9266904794284411	-0.8547496721625626	-0.12913217054190795	0.5306656986125967	-0.7472858151314542	-0.0637591369480203	0.14325467877310008	-0.7327038987874237	-0.06078074399446881	0.0666021530523529	-0.5626911967711997	-0.11282615561956041	0.06375423564136726	-0.5954820150904654	-0.05398308726065153	0.08912535685129118	-0.7635256778793081	0.021817189655008472	0.8898750031988656	-0.8590848259125399	-0.017367427603235935	0.4881577342686642	-0.9447645681518414	-0.027982659055114406	0.16493495664562718	-1.1483210646424835	-0.009953732322799879	0.06841483385968045	-0.9927315557168059	0.032586919526203025	0.06866892080734995	-1.047292992452644	-0.03490051204320006	0.12291723835090176	-1.199141481077504	0.09449073547767144	1.4152673232205812	-0.7585037843207969	0.1980153396273274	1.61231997457779	-0.55705573969462	0.15706824144930445	1.4308222297028659	-0.5997058330273897	-0.10284129163503879	1.4417461526143422	-0.7957211115959617	-0.35363225709840745	1.366936635939762	-0.7901771552641867	-0.3069942279750523	1.4533464506374265	-0.5484428941139468	0.22687451952949472	1.3112408835341383	-0.8667930800617998	0.36201956638972377	1.0724208392791483	-0.9406045360623951	0.4576173894325969	0.8477181063578513	-0.8437821653117584
77	1.2833333333333334	-0.06584081230768793	0.9140069033408339	-0.8548407790686082	-0.16515767123380953	0.9198945326160319	-0.841031747357317	-0.11891009853128268	0.5270061445220477	-0.7337159314875588	-0.054105440687250206	0.1378832230341254	-0.7377177240576891	-0.05723393179014509	0.061402830631466364	-0.5667421779251418	-0.10847857047014137	0.05948728547225811	-0.6006487653771844	-0.044214988578198194	0.08437150543360718	-0.7681804884025774	0.030251064562738583	0.8864976439575201	-0.8479221261394168	-0.012484740810995305	0.4860018667818342	-0.9388791673844524	-0.0276439956103428	0.1655317820081499	-1.1470981967131855	-0.007663010945133765	0.06465796730943157	-0.9917377498513519	0.032170585048678535	0.0689199058009075	-1.0480182404894554	-0.035193367130816035	0.12467015106575327	-1.1985554342637765	0.08269703246111984	1.4223872262665753	-0.7488949243610069	0.17689232905776184	1.6234412731586934	-0.5463658301893537	0.1383052014714467	1.4493535440933334	-0.5785213679817449	-0.11546580317484875	1.4395376945800615	-0.7864567995108539	-0.3634460281835981	1.3531654949392975	-0.7858547049802369	-0.3259490996424737	1.4380402294371557	-0.5393227235084372	0.21690934224982716	1.3238176443222418	-0.86185213454587	0.3629469911652154	1.0909673097147428	-0.9370628571104003	0.47025997312782625	0.8731726733544639	-0.8394197983104333
78	1.3	-0.057996527354491664	0.9107916025376087	-0.8474078709452137	-0.155620370996641	0.9141150745227462	-0.8278222938696413	-0.11047226815065239	0.5257756364213341	-0.7186764696324863	-0.04838760049625779	0.13366098375505833	-0.7410605931373199	-0.05587327703389891	0.05830886347820413	-0.5689515770668255	-0.10659528141151622	0.05738510930940801	-0.6038661692293756	-0.038819861984186556	0.08052783080201249	-0.7715826220261016	0.03895008326121924	0.8838323463549211	-0.8372216620625562	-0.0068725680466615495	0.48406683249566196	-0.9306360135628355	-0.0264938455246765	0.16752498497416335	-1.1451141458403675	-0.005781847214228653	0.062228931480300245	-0.9899037875750357	0.031557175150433124	0.07032611892807701	-1.0476406203372148	-0.0347924760510239	0.12841311556766588	-1.1976595888522592	0.07035307544100153	1.4290642690897801	-0.7396030836541202	0.15481911759487674	1.6334415190162177	-0.5351290572483844	0.11795011616722156	1.4665481313555824	-0.5570975069992814	-0.12757755413874036	1.4366538123006758	-0.7749896737049896	-0.3727542118601745	1.3388475963552227	-0.7821819409139139	-0.34423464319894964	1.4218429165568343	-0.5294885947242709	0.20717552610583229	1.3366338651431355	-0.8555330656024931	0.3647856499795852	1.1116869184315705	-0.9323072817830355	0.48465365666710214	0.9022471982768943	-0.8343031451613077
79	1.3166666666666669	-0.04971777320963523	0.9086138151013247	-0.8386126444136945	-0.1466772532194481	0.9097593575797994	-0.8153584208304614	-0.10391346712224028	0.5260270523226716	-0.703739177504565	-0.04594761874705751	0.1307939119384187	-0.7423847743636889	-0.055937016057022504	0.05617010535010755	-0.5703027940038692	-0.1062604715067676	0.05658825296327187	-0.605715680790188	-0.03703538262093282	0.07774399325820346	-0.7737773376151633	0.04785043797066899	0.8821371829332513	-0.8266332320171912	-0.00016111136987481613	0.4825912627668978	-0.9195321532591317	-0.024354596619809817	0.17173282295308184	-1.1419957066496966	-0.004592734559796164	0.06247790952991678	-0.9868639450653126	0.03086713584420246	0.0734159614517489	-1.0452318967707774	-0.03337663812681945	0.13512140883091897	-1.196189029324629	0.057503477028632094	1.434951610615288	-0.7305452572929512	0.13191133820756207	1.6416849143346646	-0.5234525998961301	0.09697821672898806	1.4804928445807555	-0.5374616755512687	-0.13937274959660167	1.432921993532095	-0.7626613288729224	-0.3812586125751153	1.3241974754002142	-0.7789747611018961	-0.36159834344100233	1.4045604407424115	-0.5190616383936987	0.19794923681737375	1.3493838469553092	-0.8473423636566365	0.36777990764568	1.1350001126391318	-0.9250905757807604	0.5004938578009507	0.9352708662887945	-0.8279219559865125
80	1.3333333333333333	-0.04083369649863314	0.9075841618355133	-0.8275518302496989	-0.13847792019080413	0.9069138459326777	-0.8038006435690163	-0.09885192826532897	0.5268804177319719	-0.6897631047022882	-0.04576956835273738	0.12929870128158272	-0.7420688537260532	-0.05673731874138476	0.054213778952148184	-0.571408969753207	-0.10662366949519414	0.05625992412130606	-0.60700478417648	-0.03766868939497613	0.0760693464035252	-0.7750609133778027	0.056724178675347826	0.8814956200460551	-0.8157518107788257	0.007882118693261385	0.4818974524870681	-0.9050283576045222	-0.02089325414877328	0.1786233197582742	-1.1372781499798934	-0.004178856317840381	0.06636350759776746	-0.9819054431675767	0.030254682334532636	0.07843562170605271	-1.0397071631838684	-0.030619183371152943	0.1453217478038942	-1.1935936527528503	0.04438786926009707	1.4398376326442506	-0.7215397608825624	0.10837000903165485	1.6474164784017467	-0.5115364934284969	0.07612585391510371	1.490441054882805	-0.5203101531921505	-0.15085203588652385	1.4282227581427993	-0.7507919053339681	-0.38879950196216595	1.3095502744308922	-0.7760678704347159	-0.3781737310741031	1.38618426375174	-0.5085225113431225	0.18930021745954304	1.3618981507874754	-0.8371188705026217	0.37188142823574216	1.1611023928890547	-0.9142900137984478	0.5174657517800195	0.9723980012586465	-0.8195459705448828
81	1.35	-0.03176155625094723	0.9077363771798629	-0.8150238540757537	-0.13095313740476028	0.9055340674657542	-0.7933588101154628	-0.09467127976522738	0.5279499183376517	-0.6770313424537502	-0.046772680058485505	0.12899833604108618	-0.7407401741636697	-0.05785299113543705	0.052095193281840264	-0.5724206300370902	-0.10719380953287985	0.05584727711507996	-0.6082918206210675	-0.03948710646740465	0.07541025388432192	-0.775598726231197	0.06524812760752165	0.8819526221813759	-0.8044964932029446	0.01723146859827164	0.48240615402145953	-0.8865199701625054	-0.015778576667230856	0.18821071272806644	-1.130437500592654	-0.004404824251001494	0.07416505971105253	-0.9741662969336488	0.029938116961495342	0.08537163182936941	-1.0305333576771616	-0.02621427433673108	0.15897353482499313	-1.1891281049723057	0.03125412191595001	1.4435504896175204	-0.7122631357012448	0.08440828127593995	1.650127743130437	-0.4996859914204894	0.05583300184149424	1.496359555997214	-0.5054860296634296	-0.16194984128675113	1.4225236282398	-0.7400757309750108	-0.39541077016544735	1.2951727932880424	-0.7730086283276536	-0.39444675332975093	1.3669732712433595	-0.49854906378609115	0.1812206666626817	1.3738907118008385	-0.824579451857754	0.3769527202446167	1.189804174770975	-0.8983569804735316	0.5351111693399079	1.0135331253206488	-0.808667891645793
82	1.3666666666666667	-0.0231579587868744	0.9089710186088525	-0.8024588893155267	-0.12397078411872531	0.9055567930276397	-0.7842094232265291	-0.09089336041864725	0.5291514576975639	-0.6660541361086009	-0.04807703463615474	0.12971010456063062	-0.7388205570466779	-0.05900276153797507	0.04973056212510749	-0.5734089940627465	-0.10780398240590523	0.055123514756108966	-0.60984326843933	-0.04158203607646382	0.07568374645059059	-0.7753237523613965	0.07306721086635339	0.8836136140445201	-0.7930611719868199	0.027544393798475626	0.4844002861288122	-0.8636084415592507	-0.008970311513122598	0.2000678293138186	-1.120837525982334	-0.004841530103688658	0.08514211354868638	-0.9632683972625816	0.030273654408328837	0.09383665599795382	-1.0185613134994227	-0.020044220132777586	0.17552959848436178	-1.182070733121608	0.018141615974540688	1.4458971033688475	-0.7023499049919468	0.06022386518228985	1.6499615680299409	-0.4880723035761147	0.036189764485047834	1.498459098668037	-0.49257370311908627	-0.17271244211577388	1.4158581171311488	-0.7304628157038175	-0.4012604662664464	1.2809961222273747	-0.7690095421923069	-0.41097709669259036	1.3471898531956543	-0.48964390749009634	0.17364163045901201	1.3849857578808982	-0.8095518447732596	0.3826532259629759	1.2205502509240194	-0.8758065963681446	0.552757552516424	1.0582723743519142	-0.7954808849518462
83	1.3833333333333333	-0.01540876719792985	0.9110576406020285	-0.7906774984530118	-0.11744756998633123	0.9067351710353693	-0.7763653679837194	-0.08733400686579129	0.530378178549971	-0.6572070415585078	-0.04918333039736322	0.13132564313239928	-0.7364113691624745	-0.06003637657181229	0.04734298795680636	-0.5744288142334892	-0.1084734481824514	0.054156591065754635	-0.6116368804642441	-0.04348367141024206	0.07690143383962282	-0.7740716941387528	0.07987021361504566	0.8865126449854944	-0.7817824615754976	0.03822253753156671	0.4878571531251999	-0.8365687714376243	-0.0008128558343693181	0.21323516219525115	-1.1077132715409064	-0.004733451286086581	0.09764656990402745	-0.9495026052996163	0.03186857782317551	0.10277221874523762	-1.005535823165858	-0.012335649005008852	0.19362307151701286	-1.1718654856242063	0.004985983331310877	1.4468182442881434	-0.6915124253913401	0.03610851119817117	1.6477398529890561	-0.47631438487882494	0.017079045857951114	1.4971705437143232	-0.48116110851087857	-0.18320365867266428	1.4083179707600897	-0.7214141969411162	-0.40664712078760423	1.266635259010788	-0.7633671332278313	-0.42797861427771944	1.3269206955742066	-0.4818745974355419	0.1662558461245902	1.395068415233029	-0.7930142888333503	0.38804335558801617	1.252526377013584	-0.8471652802872559	0.5696422820053347	1.1058368114063288	-0.7805364875732127
84	1.4	-0.008560797397800775	0.9136981453358133	-0.7799358738231196	-0.11134753351448548	0.908606201697047	-0.7696748023766476	-0.08407729214269376	0.5313904518516045	-0.6501533765709617	-0.05002221658245986	0.13374614043082597	-0.7335143737362664	-0.06095583404322193	0.04544314665183601	-0.575327040294754	-0.10930527540362746	0.05324318783868417	-0.613372776814407	-0.045050896339929584	0.07911516252748643	-0.7718344605670877	0.08549355981176887	0.8904603882523934	-0.7712087599661162	0.048581913161592834	0.4924708792909878	-0.806555743391706	0.008160939312352346	0.22619260148431813	-1.090273447903945	-0.003087844763017939	0.10983681451979338	-0.9331107170982872	0.03557113360019476	0.11068267446927835	-0.9924755637091038	-0.0036206946868870948	0.21087152471581921	-1.1580770394898314	-0.00810503876415009	1.446495018680207	-0.6796144530862018	0.01253024743246492	1.6445358913053387	-0.46369745063037937	-0.0017371385688060847	1.4934190361799358	-0.470640770616404	-0.19330703773109736	1.4000814443583007	-0.7123659823974483	-0.4118714768820637	1.2516902383298334	-0.7560539777573909	-0.4452508039527064	1.306128009274897	-0.4752843722606577	0.1586433030313854	1.404323769693801	-0.7768939602649967	0.39169253871992527	1.2845774174607136	-0.8155448659198997	0.5849116742236595	1.1550661111083294	-0.764011787741587
85	1.4166666666666667	-0.0024948368689814895	0.9165260637948635	-0.770284460430729	-0.10564023819521753	0.9107534987297065	-0.7638518762706727	-0.08136643479348837	0.5318536332657375	-0.6443789398067272	-0.050839003484703126	0.13679835977310634	-0.7303300961900253	-0.06183069621393339	0.044508320483490016	-0.5756830647755677	-0.11040439036950023	0.052782535287760404	-0.6146327580380331	-0.046299945963347626	0.08229123876419257	-0.7689335815384556	0.0900037236049922	0.8951119401221911	-0.7620190481203418	0.058041353794311495	0.4977654342056169	-0.7752154523287713	0.01749476664559355	0.2372788753172878	-1.0678951788761435	0.0009965142815806674	0.12037826267006671	-0.9133655886578672	0.042051749684181135	0.1166442602758739	-0.9785328130877657	0.00544427447831511	0.22475785023901343	-1.1401398177566582	-0.020798464452350594	1.4452219910260091	-0.6667553828148728	-0.010073241161672672	1.6411560603402924	-0.4499413180044255	-0.020722275670504445	1.488712692670062	-0.45972292310138496	-0.20269693842674402	1.3914227912507682	-0.7031099956038755	-0.4168796528159203	1.2360113073992867	-0.7478528964834369	-0.4623290559138716	1.2847733575124676	-0.4701645346947275	0.15073338430977362	1.4128053913648957	-0.7620785657130333	0.3923361431108716	1.3152614282237611	-0.7844901275372019	0.5974374910367205	1.2046949804006095	-0.7455973502958677
86	1.4333333333333331	0.0029176859992528586	0.9191505539121652	-0.7615457149092696	-0.10027668131322422	0.9129267172696037	-0.7584686667617275	-0.079428029306337	0.5314719725019754	-0.6399307728516858	-0.05195257681987911	0.14013096749230408	-0.7273170027478277	-0.0627645472964365	0.044707730869242714	-0.5749894134611087	-0.11179094678781974	0.053049767883716514	-0.6151365616075061	-0.047273730227188684	0.08614507535535275	-0.7659765940774037	0.09379674618826743	0.9000426459483483	-0.75475972716835	0.06619150802590278	0.5032763172550848	-0.7440789082562856	0.026867209222830354	0.2452525980531947	-1.0403590600959065	0.007860291521424347	0.12856483311302022	-0.8886751320166907	0.05119110807031586	0.12100613944653148	-0.9610652460226791	0.014255779034312724	0.23371484938456596	-1.1172045872428449	-0.03272711923056635	1.4432428668598853	-0.6532960822226717	-0.031517813124874464	1.6379177421365991	-0.4353902268150221	-0.040035726512622764	1.4842876028217795	-0.4469369088130386	-0.21099694999198465	1.3826510472064626	-0.6938105571771291	-0.42113704323185847	1.2197406947948808	-0.739873269232176	-0.47844060119561294	1.2629321794042188	-0.4665029055727082	0.14297423793505723	1.4201972632682618	-0.747443606376477	0.38951229830388756	1.34328400992264	-0.756108587922955	0.6059334544893352	1.2537167026276146	-0.7247343322116848
87	1.45	0.007788527506066291	0.9213191416089326	-0.753363853651731	-0.09519726466874977	0.914845683598011	-0.753037382669161	-0.07832805623506223	0.5300988044900243	-0.6373193811722824	-0.0534855436149845	0.1431712765404772	-0.7249494805590669	-0.06384268656555589	0.04594616417528799	-0.572987918225281	-0.11332941687369466	0.053990172665141355	-0.6148925141364844	-0.04797368642495504	0.09011557115655085	-0.763647818452147	0.09749607507424289	0.9047244477105976	-0.7498757352198012	0.07278369965139413	0.5086619610232017	-0.7143140839240119	0.035941770827454846	0.24949383703934253	-1.0080024151697973	0.016851093375419544	0.1339673777390719	-0.8583182164802429	0.06189520358290814	0.12475443430504934	-0.9370076112086905	0.02243115701752746	0.237096276709151	-1.0883796508557937	-0.043670289357913054	1.440723151484286	-0.6397151599204207	-0.051767937900615735	1.6346804450913783	-0.4205061424867097	-0.058792310438147165	1.4800994661152471	-0.4318679268728529	-0.21800950574131472	1.374000298735417	-0.6847771816049026	-0.4239954900765367	1.20320456789915	-0.7329159039693272	-0.4926975983470637	1.240844055134605	-0.4636614030153897	0.1359723368751017	1.4261037817209412	-0.7314110713005012	0.38387536167331554	1.3679750697025577	-0.7315143681617502	0.6094653783254803	1.3013406425951972	-0.7008937444083225
88	1.4666666666666666	0.012184872943823246	0.9229802006033141	-0.7456302592880544	-0.09036887703791975	0.9160705602163823	-0.7472858745267081	-0.07797036582309606	0.5277069496137673	-0.6369346703249436	-0.05520742945796503	0.14534101523919174	-0.7235086850942841	-0.06505677454710686	0.04800127900422447	-0.569923424958402	-0.11469892795589666	0.05523886920884037	-0.6141492121935986	-0.04832048693159867	0.09364277908554536	-0.762526446720068	0.10127063900416353	0.9087599083307947	-0.7481050303022272	0.07773596066218891	0.5136566737026199	-0.6867441350179027	0.04429836756461281	0.2499456078164919	-0.9717250155807023	0.02629505274946705	0.1363821959647403	-0.8235911621585559	0.07248902610946441	0.12833113192879503	-0.904576437780028	0.029931924404470126	0.23479735868567428	-1.0531787260628906	-0.05354617321186709	1.43779014389879	-0.6264141885324969	-0.0706843875663018	1.631072151741742	-0.4055694017226486	-0.07561792204056077	1.475363840201973	-0.41532476537219276	-0.22380637018677013	1.3656100658153836	-0.6762147996222059	-0.4250752761982923	1.18684525912351	-0.7270494758650492	-0.5045653652457819	1.218777936105813	-0.46074747810554345	0.12998542959610607	1.4304715111601471	-0.7139452634068654	0.3770519625513003	1.3894508106320598	-0.7112977507333554	0.607812260207565	1.3466388464145973	-0.6743758672614685
89	1.4833333333333334	0.01591718375506998	0.9241946599541382	-0.7388505249530248	-0.08586332899439092	0.9161299736943981	-0.741430398302974	-0.07818855173543578	0.5244620822519422	-0.6385055562164177	-0.05661411847834667	0.1463139622288717	-0.7231646511705178	-0.06638547427265701	0.050567952145832075	-0.5663991564659365	-0.1154803092060799	0.05632892537959641	-0.613258885791167	-0.04811611158981413	0.0963788025214821	-0.7630770448490005	0.10438197865999076	0.9122394866705592	-0.7504440667986018	0.08109357173885023	0.5181094770249528	-0.66179032334363	0.05157270453126275	0.24694946594011827	-0.9328160899927549	0.034370630857530886	0.13617739639730567	-0.7858628227943428	0.08140502882083318	0.13135569553888896	-0.8637004684434525	0.03698491847811111	0.2274425753881155	-1.0119536754016631	-0.062301317571555624	1.4345564242559934	-0.6137321403302205	-0.08797998682711569	1.626841811715717	-0.39075856715215607	-0.0898476687974192	1.4698239902261645	-0.39854398536731206	-0.22857345339610505	1.3576671023146376	-0.6681957666811382	-0.4242735456919774	1.1712345232065977	-0.7217147759180259	-0.5138435526061754	1.196853401853179	-0.45711709592530775	0.1247821912857459	1.4336604654365805	-0.6964731308593874	0.3708669866843415	1.4082702186938052	-0.6951352346501646	0.6014486306809997	1.3884381173704146	-0.6466108965197048
90	1.5	0.018406790195314746	0.925063913724171	-0.7340966421043916	-0.08197787063751633	0.9146793755843684	-0.7361839247763861	-0.0788168605048236	0.5209317240169783	-0.6408556178080712	-0.05719277991240281	0.14608690336816316	-0.7240653085488263	-0.06793472949337029	0.05331644850399113	-0.5630479854464352	-0.11546793823883011	0.056968441734517004	-0.6126467372384162	-0.047078768599541784	0.09809791788252294	-0.7655252733461438	0.10597679820646831	0.9155617314998374	-0.7569191726923716	0.08298709628423068	0.522101134847503	-0.6394518103198311	0.057596908295684555	0.24112132634660538	-0.8925068964529493	0.04008759223457144	0.13428471539269118	-0.744732538994614	0.08777892522339518	0.13320873975481026	-0.8155762584918692	0.043789707324966544	0.21654885291481948	-0.9660190102554623	-0.06992400442001172	1.431170017383557	-0.6020551829570164	-0.1034132573970505	1.6220778876879507	-0.3762218549521796	-0.10175920521674217	1.4639937641072174	-0.38256120648167563	-0.23246225422869254	1.3504643685935953	-0.6608044422196755	-0.42171870220308977	1.156926394149171	-0.7164364910084949	-0.5203714890348821	1.1751521193679308	-0.45275689703425703	0.11995539694355409	1.436185685323566	-0.6803424186474346	0.36643460268645245	1.4248499815125661	-0.6820780370749291	0.591324717426033	1.4256182516279814	-0.6190302020457233
91	1.5166666666666666	0.01898760990437752	0.9256954999797709	-0.7325872810568703	-0.07924690353759029	0.911535809660333	-0.7324094535294082	-0.0797228607668437	0.5179165836928236	-0.6424846891964665	-0.05670718073990914	0.14502340061837726	-0.7261594345564644	-0.06989937512143252	0.055988141954849545	-0.5605605170007165	-0.11495305606623421	0.057189365801939965	-0.6129633901773088	-0.04504159238185393	0.09869434542096588	-0.7694628110332083	0.10612447034175718	0.9188426626769275	-0.7651197059864681	0.0836822545317783	0.5257948212767032	-0.6194886152686867	0.06242340035214945	0.23339944107731994	-0.8515632874976473	0.043343480553091666	0.13174969121900296	-0.6998194379003302	0.09161662665459702	0.13358687266278743	-0.7625686093838078	0.05032338877576942	0.20402455397621655	-0.9173554418644239	-0.07654443235107214	1.4279204436500423	-0.5916745553128298	-0.11693543528030867	1.6171813125130918	-0.36217497928013503	-0.11201140288601166	1.45862983184777	-0.3679651025508951	-0.23560857794011306	1.3442496763970786	-0.6541027781165878	-0.4178859510313373	1.1441963596909266	-0.7112940761432271	-0.5241605238982091	1.1540812034883532	-0.44832261996127426	0.11525452690010758	1.4384722470923965	-0.6660856944366814	0.36396086908351577	1.439223056328105	-0.6712154548060546	0.578628074082954	1.4574740208637729	-0.592278120752068
92	1.5333333333333334	0.01752594749740919	0.9261547380699078	-0.7348846381522037	-0.07819023263505459	0.9067209989464475	-0.7306137166055148	-0.08082313577265533	0.5159167830470103	-0.6425817826937149	-0.05532829620576553	0.14376897944823006	-0.7290348431478552	-0.07235334880876505	0.058410392773774286	-0.5597589758011181	-0.11451698131125902	0.05714079186094013	-0.6149906298202841	-0.04216903565034536	0.09834170894085141	-0.7737895330781079	0.1057016739461681	0.9217568486534645	-0.7709566399150704	0.08353390675180623	0.5291793195159689	-0.6016611138137904	0.0662821778671798	0.22495339601355874	-0.810413143230124	0.04455284456356602	0.12935118816932642	-0.6527786318495433	0.09352791587724824	0.1326283317719829	-0.708011337183893	0.05644198212558464	0.19137783164741687	-0.8681683287048283	-0.08236941397384333	1.425222554831414	-0.5825892751982965	-0.128629579952684	1.6126436060149454	-0.34903859306806545	-0.12110939450437237	1.4542458497669901	-0.3549311200650574	-0.23814342748694758	1.3391327276594018	-0.6480080953561969	-0.41352488122312625	1.133099190383445	-0.7065711489023115	-0.5255931077523104	1.1344519085077738	-0.4447057497471662	0.11061739481230673	1.4407487145554478	-0.6537383880103798	0.36300466003284415	1.4511862637937194	-0.6618220106014684	0.5645927356537139	1.4837245172833793	-0.566660231754008
93	1.55	0.014829575629294756	0.9264737060630928	-0.7399362369334563	-0.078906021174841	0.900692934159333	-0.7306215509937715	-0.0820949246471443	0.514910219495285	-0.6412134226706614	-0.053496931319599525	0.14287960265542546	-0.7320482804446493	-0.07511049100154596	0.06042871052943741	-0.5611750441449999	-0.11453416783296388	0.05682217729820574	-0.6190262851501589	-0.03892815108933576	0.09748070550884691	-0.7772826213396283	0.10555488235936852	0.9239665952110998	-0.7714536073967552	0.08278064196996096	0.5321311686530843	-0.5858194027779584	0.06946077025903573	0.2167635940554592	-0.7693856763996765	0.04431039702630134	0.12750033708513087	-0.6063345380870664	0.0942776422753108	0.1306762602247071	-0.6551224964555176	0.06201450569248113	0.17941669937575053	-0.8202739576365811	-0.08749453912798429	1.4233660232184566	-0.5745768511268944	-0.1385616232311752	1.6088100623806403	-0.33728670366910185	-0.12914469435090248	1.4509909346608947	-0.34348008872727437	-0.24017004542945222	1.3351259290567083	-0.6423325673785893	-0.4093032115620373	1.123772436021439	-0.7023693058440916	-0.5251814151343827	1.1169842804202208	-0.4425797774070024	0.10607382185863302	1.4430346941790357	-0.643064581613724	0.3625706154170126	1.4605351148608434	-0.6531598419033249	0.5501498071007154	1.5042195171570665	-0.5424992354765206
94	1.5666666666666669	0.012273488059311225	0.9268381244278148	-0.7451010351039205	-0.08086087879251584	0.8944868847019896	-0.7314166250115396	-0.08357922571173708	0.5145603682164248	-0.6387824061379848	-0.05164981007092643	0.14252783503318	-0.7346204395547449	-0.07781568517872789	0.061888397977399666	-0.564553505891621	-0.11499174366020876	0.05614070012751107	-0.6244621781957218	-0.03587939796305814	0.09662893956734553	-0.7791684692477449	0.10603606309805938	0.9254325451412708	-0.7661761679064915	0.08150144226349669	0.534610107217815	-0.5718131698148567	0.07217035949501054	0.209233413394243	-0.7285968770737813	0.04307457758206024	0.12637017425119165	-0.5623558364858101	0.09448512093373099	0.12799902276769642	-0.6057611427129049	0.06699812352832708	0.16821507763734989	-0.7747600695825545	-0.09189662831251641	1.4223543651488577	-0.5672901494322892	-0.14673747082575728	1.6058518728153661	-0.32702041159984746	-0.13593358882733164	1.4488790691101845	-0.33355034407810097	-0.2418286305941271	1.3321387602773547	-0.6368404421314138	-0.40555521227683206	1.1164530460519666	-0.6986838205000345	-0.523297428148948	1.1018200471868185	-0.4422968906901421	0.10173359649770597	1.4452392893379649	-0.6335518646544945	0.36120427783863696	1.4672653636266286	-0.6443107931673536	0.5356946819916415	1.5189311182611427	-0.520018252401261
95	1.5833333333333333	0.01091333408155385	0.9278709289925907	-0.7481005403734081	-0.08320048840914326	0.8891641627447849	-0.7313428488839805	-0.0853014486972464	0.5144296620470586	-0.6356731382336444	-0.05004754212130988	0.1425844312118475	-0.7365065120506036	-0.08015209573072521	0.06274077500189777	-0.5689563419593268	-0.11567060353835493	0.05510317363893783	-0.6302031512240633	-0.033524663367052385	0.09620868417044849	-0.7792440418073995	0.10708350372471545	0.9262770445242625	-0.7563708452085727	0.07981929265846867	0.5366165297941146	-0.5593857495019234	0.07455821403885116	0.20229072979281074	-0.6879268705444143	0.04109081005349658	0.1261241371006619	-0.5211301859665615	0.09464766965720259	0.12482519218302081	-0.5602055033341282	0.07160321356132437	0.15711370721662066	-0.7322188331380189	-0.09567484889250166	1.4220647101576365	-0.5602072138452462	-0.1532384176463409	1.6038352293445464	-0.3177722231681623	-0.14151262569087303	1.4478905578528405	-0.3245724299513843	-0.24338381364927053	1.3299186651219792	-0.6312423735466546	-0.40232392552309715	1.1111313233013764	-0.6954360226847449	-0.5203130276090507	1.088582995572267	-0.4439041897513121	0.0977159321194707	1.447325115944977	-0.6247200460833625	0.3574451392409031	1.4716471841797896	-0.6344507285263893	0.52137680615247	1.5283942121319496	-0.4993441702668413
96	1.6	0.011017685637593057	0.9304239404428437	-0.7489363478318766	-0.08532967705499	0.8849889626868445	-0.7291718521593334	-0.08716981353083877	0.5141368984704651	-0.6321982035436308	-0.048744664512158885	0.142847938734044	-0.7378634011852387	-0.08198630472390753	0.06313283542897968	-0.5734336594475303	-0.1163715138365486	0.05384766899757998	-0.6355003103073182	-0.03213773301276254	0.09641409116306232	-0.7777747433602927	0.10847027883813865	0.9266216048309251	-0.7437651236617421	0.07799119706854109	0.538123334678106	-0.5481415253950113	0.07681031526435307	0.19582747877372608	-0.6471928705387494	0.038548983705382754	0.1269304868473595	-0.48179232512476416	0.09519489685722425	0.12150997256484887	-0.5176726536338235	0.07625149428048959	0.14547087666092423	-0.6924901260779777	-0.09920555653970724	1.4223956477933906	-0.5527526877407676	-0.1584062580069783	1.60266034729926	-0.30881498160508736	-0.14640267646384786	1.4478066170012118	-0.3154294851921566	-0.2451536907050435	1.3280690487191544	-0.6252928529368963	-0.3995122759955103	1.1073002849559783	-0.6924023913498115	-0.516766862440792	1.0766346618809197	-0.4470681061454848	0.09397803022697315	1.4493709739464087	-0.6164329750952245	0.3506881632880417	1.4742047616047091	-0.6233962041385737	0.5073361223773841	1.534005305509036	-0.48045984835250155
97	1.6166666666666667	0.012125465810275054	0.934464582316491	-0.74891815746674	-0.08715651997452584	0.8814680911394	-0.7252264802776082	-0.08906208408614671	0.5135761988253694	-0.6285931025179187	-0.04763937254539518	0.14318017513461997	-0.7390000319925962	-0.08345458285931644	0.06332191300306383	-0.5776301829664828	-0.1170318160054505	0.05252528042079044	-0.6403345071202335	-0.031488772187316764	0.09709924812110095	-0.775412432148397	0.11000577233079332	0.9266670490835587	-0.7299287624007066	0.07621316816732014	0.5392701647757452	-0.5374429313560102	0.07910552264759896	0.18971635028961853	-0.6061650868282776	0.03573791722697297	0.12856007495096947	-0.44308983556481635	0.09623587568351878	0.11832055181813712	-0.4766167030194692	0.08116730559208643	0.133329058745056	-0.654210459400423	-0.10284503107691312	1.4231272634831456	-0.5447350264733716	-0.1629196390311744	1.6019706812393688	-0.2996808982357519	-0.15120977420895754	1.4481750239912148	-0.3055061401384821	-0.2472367218547184	1.3262439930127752	-0.6189779146455046	-0.3969424146779876	1.1041157504186025	-0.6893621151648891	-0.5131399356272224	1.0651918895758952	-0.45108134757752966	0.09033316357920648	1.4514633065193232	-0.6085138483311322	0.34182050632282207	1.4758089600704194	-0.6115696001175264	0.4935180932689819	1.5378526849206342	-0.4626891562890024
